id,seguranca,relacionamento,saude,tecnologia,manufatura,gastronomia,politicos,artistas
,0.7090259394631301,0.057363008599364,0.06652217823498906,0.026530857237473005,0.039755429813830165,0.021626663452491705,0.06469015295738251,0.03442113800220611
102.0,0.8689124962565917,0.05855351521426187,0.04501257289200811,0.027821856926337325,0.025247387499697748,0.028877921189406342,0.03839977253171151,0.023977984796857216
,0.7748115382311882,0.06063772614070471,0.047585376631683905,0.039734044735293614,0.04311173456178432,0.024887987216800918,0.09984804651160446,0.02929525446372933
,0.13771081649460998,0.07804436531112996,0.05869591688029443,0.051754091538235014,0.05091318253896235,0.0357742351280315,0.20034713826342268,0.14747481893621747
202.0,0.29914968199759356,0.07665523337335667,0.08438528271610563,0.04031831458033981,0.03804033243638375,0.02275084032241443,0.12838794715506274,0.06329707926693048
,0.15613687168059784,0.05764049110794848,0.0689422879999103,0.20111456421650914,0.04083832743574137,0.030665792591705744,0.28429564160735693,0.03136277048674214
,0.15116133642638868,0.06755696004780039,0.10350428243225722,0.04267572197501647,0.04875183591512034,0.029357826849928582,0.20376222154676984,0.03930420469732977
,0.11491405424559104,0.07126316350066707,0.15460959895850823,0.04271843577128688,0.0504459879261197,0.021498139591361706,0.2860760468393406,0.0396554275802861
301.0,0.14833833179596678,0.08059633735445987,0.051417181220760604,0.07181900329093799,0.04292915548512205,0.0201465566776022,0.4803314877646833,0.02727395067326284
,0.12770133425453306,0.09450088343649068,0.06231254247495699,0.06562713097645523,0.041955872513507034,0.021882510148131355,0.37313283318026064,0.03435477489870907
,0.11520620619535277,0.09384832973249549,0.10419931698798265,0.05908228016244171,0.04519941341142841,0.022485391135458197,0.2543696462127383,0.039848188562827555
,0.10255100975386497,0.07415498497337941,0.09802792885413664,0.05438416657134997,0.050492268071557427,0.02694362775026607,0.36482560241359846,0.026480752475175277
,0.1596754290201225,0.10236018130030719,0.07326815414337458,0.06744187326899109,0.035731178163260435,0.01972967258843944,0.19531091243387788,0.047825194016976935
1111.0,0.10341961629232342,0.15054376085952378,0.07587139884266159,0.06223938194233011,0.03117477336394381,0.01886090991718205,0.4373687370858369,0.028598985152457554
,0.1210363614675148,0.11782885468716371,0.08185566253531551,0.10794883043578292,0.0279429456587099,0.03892451886911732,0.1151488167527321,0.04378932202023302
1113.0,0.1368870833316272,0.10336126926834471,0.07903613409702415,0.06987026323781259,0.031781170581474213,0.02223672317130548,0.2386021019722477,0.025222872851495888
1114.0,0.12326710382349193,0.08735417993332978,0.07484769304120895,0.08271971323933554,0.030015379949681727,0.027982519186004664,0.24494905151989946,0.03867056734496424
1115.0,0.12385417089511329,0.1154911038969776,0.08134603595876909,0.050421864054806746,0.0256284236256225,0.0180794072309138,0.433808620376498,0.022317968728936568
,0.12505633169130678,0.1026986054803471,0.07651912939825932,0.03596458213608624,0.03329598507731553,0.016301728509797903,0.6157664171026581,0.028575714355004698
,0.11556019855342825,0.11974207969441272,0.09076995881823757,0.07239713281807592,0.03280555376651162,0.02134966287183844,0.3454677439926871,0.02425014492082628
1142.0,0.12264005918528338,0.10053367790019478,0.10809039827383843,0.23170016852063152,0.034813258011071546,0.022349448147412763,0.11463750933365738,0.06864365827506387
,0.12037131946369167,0.09360792189524583,0.15046803161591804,0.07665333843942763,0.0407336275358175,0.02281347880252775,0.17416603694707822,0.04159375616769261
1144.0,0.11736212757998483,0.0823402268713036,0.07400881843537437,0.05832604286875809,0.049952850463898274,0.020512247771702703,0.30155882978174703,0.024445167175410835
1210.0,0.10350199432252065,0.11766802651229691,0.10104718595956011,0.05535895169124056,0.0289638303157026,0.020336651911634966,0.2872854812780384,0.029378542458275793
1221.0,0.12059726118391656,0.09841372914764909,0.24638953085147777,0.06422975256633995,0.0256125919519847,0.02271734951961891,0.18027473673518885,0.014631235254799006
1222.0,0.16951017194672513,0.07402701240970795,0.12935971085633602,0.05866282792500573,0.041154459108864005,0.021499364069992116,0.15183162053332142,0.02617058006103723
1223.0,0.10969661940623014,0.0746715190805407,0.08094909534109121,0.1214498595900909,0.1061311832612197,0.03125229290625914,0.11461261163121925,0.03426285680622394
1224.0,0.1148459181355883,0.08823857886563814,0.08023768903962107,0.05027050902304823,0.13867751747359866,0.01620577760301609,0.10186342877894776,0.16457504991837626
1225.0,0.2663020211950448,0.07814176329948772,0.04771748676403358,0.04145635919965154,0.06991485346321781,0.024389197379641552,0.12006918278426858,0.05186683832396075
1226.0,0.081790792666037,0.36185161808689287,0.07974584142942369,0.028999092362783693,0.11865622243694608,0.021299541903100766,0.07052899791091864,0.017646029997234566
1227.0,0.14826383513315056,0.2522032427920347,0.048521493170837926,0.025171846155172744,0.12496180802630497,0.04922449576709147,0.07697570203468804,0.01956489638475365
1231.0,0.1729205155414782,0.06983451035492698,0.09246022111111649,0.040526989796824175,0.05489787623903558,0.03848456067778815,0.09581379094323728,0.026410822695131706
1232.0,0.10864128289263286,0.23257539725524026,0.061685133758799006,0.03175305247554868,0.13563392112530703,0.025266146156009504,0.13001903925228572,0.01085319951574643
,0.11137070659079436,0.08612051303925368,0.09903440176182497,0.05464515126366189,0.03684757285848932,0.053992516189856156,0.15400021719816614,0.0548490720643288
1234.0,0.12706456683932546,0.10217730544958369,0.10798024499507611,0.06662354769877649,0.03502426221313833,0.02545706069853645,0.2939920082680809,0.033258237705429225
1236.0,0.1236676745771744,0.0785017293998428,0.14705595197684676,0.03994577606811531,0.038329375441864835,0.016910634737509072,0.38953531878713565,0.019340357448181657
1237.0,0.10888301903327077,0.10273896444108098,0.08280597189916802,0.05964943888362626,0.06262963733221161,0.024740780096022666,0.10702178694614585,0.11919722050741316
1238.0,0.11316698667977503,0.09352708626093982,0.11730836423418459,0.07812025106665764,0.0673253769260098,0.04014668555564657,0.10340297681792836,0.05376428993892172
1311.0,0.11626523423037154,0.07298707189202039,0.0901856223226895,0.0859700526288762,0.11918194161035768,0.023179439185713312,0.06281211874641124,0.11372979776000885
1312.0,0.11926680580718632,0.06748099055801854,0.20962380288399965,0.048961440955093,0.10609223883794276,0.03094677425996469,0.045519777292772984,0.08929074111491397
1313.0,0.10302775258934219,0.09448243651226167,0.14356827721923476,0.055046031195069366,0.05493296203051645,0.03504844692559956,0.04072852608250342,0.06221785739791493
1411.0,0.0906989343295877,0.07393870683266965,0.06872308773633234,0.21100087738411727,0.09238558498678284,0.04169603707007654,0.0544295441574901,0.1019147044215608
1412.0,0.10485176973984081,0.08147035317460206,0.2811511620709852,0.07030189921502829,0.04782218997394408,0.01929691289783758,0.048990502187142154,0.08206940760971564
1413.0,0.1082119846491053,0.08182144969795642,0.16904446847424032,0.06535441339402545,0.05761855309354245,0.020741598524607618,0.06841376686180038,0.05871338028929287
1414.0,0.12228938939125898,0.07673603858656422,0.1521194878686066,0.11076291604527629,0.05535391307257416,0.02153184193154097,0.07286985908339033,0.04820979376256171
1415.0,0.10181250274006495,0.06449642178936545,0.27806237323670246,0.07206030153395449,0.03877422999636876,0.02292484244714019,0.14446520202516633,0.07518514579534119
1416.0,0.11070428851909891,0.09043983764196593,0.13244931366351664,0.06304742536902072,0.05033392579649824,0.02241685170327067,0.12437111929199184,0.05657357091392057
1417.0,0.13320985547418074,0.10043566328667045,0.229502998319398,0.06278476214058172,0.04061215493243603,0.028539098010248124,0.07882862024165523,0.04157121998600038
1421.0,0.19504613183250757,0.08725318513693706,0.1333747184305988,0.026971278838373025,0.04253489391099453,0.022312221046828395,0.06735065399231453,0.046151947866612066
1422.0,0.10456100644677645,0.1342860674572782,0.14038077699811521,0.09535412668016804,0.028982753204123426,0.02262159790128819,0.06409390554518585,0.11600124575487558
1423.0,0.10756115480154753,0.06622704666780065,0.22412462955774243,0.09000761948575185,0.04549492163484281,0.02881644615601318,0.06121900430304656,0.04498612814501646
1424.0,0.11352624292643326,0.07989075597602788,0.08621787445072322,0.6201339040980086,0.030818197605020466,0.034062717527740684,0.06003658794944962,0.02688555640755573
,0.10935414561609402,0.055310498247140065,0.13024238155412224,0.13463052755760646,0.08570012244275228,0.02981827729161803,0.04552920282611092,0.08341105035750362
1426.0,0.11796395580814198,0.07325868322623025,0.08422498358193319,0.0782622373505834,0.14782811428654197,0.02660507008640858,0.045146024562918545,0.10516615953583366
1427.0,0.1209574540864635,0.07756213600699603,0.11404851926492657,0.08618722791393257,0.05058624162601178,0.04236955693671051,0.0653331914656535,0.03948884631888492
2011.0,0.10171762992112829,0.08670081295431015,0.13978745178702215,0.04020164260275568,0.0767752743034911,0.02423191917524104,0.06904774776170416,0.057269553839050885
2012.0,0.10334332115526307,0.14148961067041332,0.1273381196089195,0.11287502491061092,0.03518885802097698,0.029592497778724598,0.05745817252478628,0.06548258795715754
2021.0,0.14973731926120565,0.08557567699969096,0.09066222425854219,0.09721486841608165,0.04522258699020839,0.0274893105365279,0.08811816982559971,0.1175254608987746
2030.0,0.1838322126850022,0.09006871799905479,0.10153472329148856,0.06895862206364084,0.08117017129503315,0.02039144153643514,0.048604387863618266,0.055701666458871577
2031.0,0.14670233495684246,0.05687939862873856,0.09107335532730491,0.09835053431228573,0.14653710656304333,0.025717230074186394,0.05243428550457805,0.05534988273740389
2032.0,0.08797224526141817,0.08494056898544272,0.08128433039031617,0.17520768678200752,0.1089059556148111,0.02850251400388523,0.04991120384651459,0.122671653662832
2033.0,0.10095930812663963,0.05900696156356366,0.13726250773838533,0.12668271788484833,0.1678864654446288,0.025937328096817418,0.04320221344423306,0.08316847953002975
2034.0,0.09458541624102478,0.08207971967283409,0.07923431212744318,0.08501131383489119,0.13177972676732694,0.020095010649195326,0.04473141061847702,0.25042642939452536
2035.0,0.1330555305426606,0.07706130896519527,0.10632254311002144,0.09838503585011835,0.08165724980724907,0.030915335284499044,0.07758365181115677,0.053761581842222204
2041.0,0.10842712426174261,0.12413700968566944,0.14117000964601426,0.15512767144211034,0.034902044019647534,0.028050063999675464,0.050015949445556845,0.05434108436010267
2111.0,0.1313604015568202,0.06092751933282734,0.1102671216655514,0.0776445451224735,0.20497140296228591,0.0248319032109721,0.04213611032275681,0.04742338184673648
2112.0,0.21616450927782663,0.09155594377314367,0.056892095247560184,0.0713269324750109,0.0688908283921779,0.03300476742731135,0.07905999394726862,0.03706345370683512
,0.1696165155402475,0.0568801551560858,0.09699337151912153,0.03274102206033974,0.14085632003836526,0.029388937719427313,0.05043893244100603,0.03307795691921043
2123.0,0.17745724912397398,0.09201309206908316,0.10701136665596019,0.030283584277044712,0.08387696609696517,0.028758282770126747,0.050467171340212114,0.039573770709834234
,0.12031916830201055,0.08821868971514621,0.26831434515751573,0.07870399428810053,0.06223907482171613,0.02045481205537943,0.0622873160741134,0.040997059053715895
2131.0,0.10937815179359883,0.07195632156701635,0.15828479491894895,0.0625496733714017,0.14268263619074875,0.0214441583361441,0.052415333198173895,0.05688463541771924
2132.0,0.12257726421196834,0.08394895465915592,0.1325777923314516,0.06890755211967135,0.032858146987875814,0.03238913787823336,0.07135231847505785,0.06868108735763423
2133.0,0.1041829489143075,0.07228329326266528,0.09657852567015791,0.10519106142542044,0.09434564759897779,0.06920797302136719,0.06132285130116387,0.068059844704157
2134.0,0.11436385629370303,0.08693822490876894,0.19867728780662558,0.04944779713666383,0.040345539066275915,0.02387382373761132,0.1144137283924721,0.09075613747398889
2140.0,0.1168231687409852,0.16128212512106768,0.40746340421724825,0.023350276275491594,0.029386923329061503,0.02769572194711781,0.08408776967682147,0.03487462205563784
2141.0,0.13939859159724582,0.09078458191597867,0.1694019801640623,0.027344982549520315,0.05193421032413179,0.06198838147014061,0.061834274803952635,0.04158479349882148
2142.0,0.10731708516923513,0.1819426986522673,0.5084561043094079,0.031424786092192014,0.03802785973054364,0.023693033618469805,0.046707112886719596,0.04574390546750824
2143.0,0.12439497423726821,0.15610776742975616,0.40954125258373775,0.03252667159862107,0.034126314983266424,0.03504004940183734,0.05959522392641266,0.05156976997461128
2144.0,0.1099398821443654,0.1513356744513721,0.1546196411058304,0.047380629541498985,0.038665075664808056,0.02468457081008722,0.06549363724735886,0.06572267822362261
2145.0,0.07639821361299519,0.17158906470037202,0.6674701793394371,0.031186072875178984,0.03296558013425713,0.016969004690843354,0.04973761313547374,0.018920610126144734
2146.0,0.08556850160886406,0.13455786496283792,0.45568819387703036,0.04481971905100005,0.039109227828333294,0.025091638290420624,0.08315831465316396,0.03762160550025204
2147.0,0.1277971776364801,0.08707473195552595,0.149821464310902,0.04831549905269127,0.06945646180203068,0.019210309841398366,0.09601285476186074,0.03615211817747841
2148.0,0.1476253995257772,0.11356701605254294,0.09872742168053414,0.03427488568227564,0.05506014168978261,0.02484166556305915,0.07310692401746602,0.038558395332908404
2149.0,0.12997234009527336,0.11920452922741492,0.09904142802284487,0.03900063692284648,0.05035555061947382,0.030215953723639607,0.05601353572073864,0.05960454404927583
2151.0,0.15534617591833455,0.08430875246829068,0.10501547054960922,0.034311711587647536,0.1090926661847066,0.022208801603859067,0.04766724436205162,0.04685665950437465
2152.0,0.1442842055549764,0.0828489821347337,0.11312659620781058,0.05576438669652589,0.053663887064596495,0.03762093559083212,0.10338934443211065,0.03994949851915208
2153.0,0.1278563590029721,0.07184761691665775,0.09616435742515453,0.03521214443226364,0.09331453607408204,0.028609482530198974,0.06774320841839142,0.05973594600234872
2211.0,0.12021781996088975,0.08515244496673174,0.1566415527533316,0.07572296331439543,0.04186390045221853,0.028067505567243634,0.0619541703309687,0.04244823075011689
2212.0,0.12613180543494046,0.08398808049312223,0.17674939510969742,0.03403428640630606,0.038290618371234646,0.03157018532126615,0.07521174658590347,0.03999923504298559
2221.0,0.14489622193166943,0.08572237127187793,0.1532714577132651,0.04244724563743852,0.05643335436905247,0.02931333052283063,0.0538487608063176,0.0335997809682092
2222.0,0.10956421357738683,0.0811809767188379,0.270820519776627,0.03956947516312073,0.06455624990206711,0.01954844047750619,0.11698675917226929,0.02138314715028017
,0.10573573325173725,0.11403986541888161,0.192126765393924,0.03766097258615457,0.03799686869429284,0.020058006253812922,0.13247291940761746,0.03160626161957563
,0.1195421174771138,0.09831098729614282,0.20103333284490407,0.046418256552694125,0.05535963515379923,0.015591407719230971,0.0784762522518516,0.029646360000133407
2234.0,0.12511970380819157,0.08065299895393958,0.10448660406956543,0.05581821017247431,0.06642161387402432,0.02440590617075341,0.07800221145113855,0.03552866625582252
,0.12240874576743885,0.09635675709098318,0.13775180717055838,0.06553857498704772,0.04263783967302782,0.019988674413836994,0.14564191795120326,0.023867770381967832
2236.0,0.1089139364989738,0.09691264284116169,0.16089238824307706,0.029464181485467984,0.03802652018908093,0.03433711665980282,0.07587578663086694,0.06041368527740936
2237.0,0.12224690159908644,0.12387606413024733,0.20705962385167964,0.027091687808011324,0.04088091778181543,0.020959172454328743,0.06162331680301635,0.04017203185303434
2238.0,0.12293632854296749,0.07388872950415941,0.0893777614625456,0.04887834748162442,0.04127440675451812,0.049508736824128,0.06792061700108261,0.06258104736420042
2239.0,0.2517302945351833,0.06215090219020777,0.05529399516357627,0.031271716974178826,0.04610564311261125,0.02555116623799565,0.237841271430043,0.04399013079193347
2241.0,0.19509028603687445,0.169341524050811,0.05746590364899607,0.04703768138781803,0.03228055812475027,0.03891149385198878,0.10246339535689834,0.06329066058633695
2251.0,0.4261528038103229,0.06325167443512256,0.08978918764871563,0.033524939644200245,0.027379636043699418,0.03326371121767238,0.1043959038034796,0.041230133533742074
,0.2354098768165805,0.10577056196691549,0.06708636037050036,0.030001965698767334,0.026779814479937145,0.039805208601086786,0.20695086523107348,0.025322694120725856
,0.23261300822123032,0.07256926517279698,0.10839638042241824,0.037375258556778736,0.02475378025883709,0.028273971864166192,0.19844973148750167,0.08133223381693463
,0.16633066770362354,0.07451697214991473,0.10525193114432364,0.14258428269794277,0.06363274545679416,0.02139684281933631,0.10285643021371495,0.03713065830302354
2263.0,0.13341635183980582,0.1502173406204766,0.125413101343864,0.03724886813288757,0.03157526813459338,0.04148305773069881,0.09914420333522503,0.04109394114505146
2311.0,0.1264525531288165,0.1682037495214535,0.08078863165039238,0.07282672807195203,0.03328968179230126,0.028218121083948507,0.07368777395810575,0.050633646222771084
2312.0,0.1069989455811444,0.12471917210926874,0.11994002044576789,0.06334888015084429,0.08444738138539971,0.04497320440648041,0.12109415541927251,0.057514735234800995
2313.0,0.11590787447596007,0.09355253067263043,0.10678526968067584,0.05271727190007972,0.06750963892229836,0.03780270517359725,0.1397225416749793,0.07259164117878825
2321.0,0.11895115646780376,0.12171813186289572,0.21105926768519728,0.03153565740805555,0.03279337244515787,0.04924473459048307,0.056969377521604504,0.03268577483367925
2331.0,0.1819106001459284,0.12590908248915475,0.1008428723857968,0.03020922272406465,0.027635417626753755,0.03263852821479768,0.10509968114071398,0.03411955692397094
2332.0,0.18419522336168057,0.12480803740446388,0.0665224333624027,0.05222026172282128,0.041977821630688306,0.02408436409395864,0.10301894648067589,0.046743868384457654
2341.0,0.14249930472795463,0.09852049221094436,0.05431144529712129,0.042251170113656415,0.04506710732813534,0.029447033949754054,0.08379999145850826,0.05630357745915232
2342.0,0.11369435009952378,0.07262765532422098,0.0989949819650588,0.05796456365728057,0.048402463386379616,0.023841139581277943,0.23786549943531152,0.03617800253806492
2343.0,0.11593740953471467,0.12033906244855647,0.07113926686185594,0.06170721556188018,0.04772017049169307,0.02804334651270303,0.15249824106763502,0.030778111486711644
2344.0,0.12202939871204004,0.06581499012854758,0.11518646654344263,0.05247421714878456,0.045578801042626294,0.03255128907989719,0.0992286444256884,0.060456145679621334
2345.0,0.11040515085871494,0.07124832018721976,0.06381396196197195,0.09124096750466629,0.06955954124941903,0.027412467286170077,0.19455106489886642,0.07767688966083575
2346.0,0.10106934919393165,0.1273480899207293,0.09367792624652686,0.10891283124499009,0.035195157082826764,0.03526314324933869,0.09295504571326327,0.048973493744109364
2347.0,0.1509985086057021,0.09780955731477717,0.08240448835179418,0.03174267185620343,0.06409732517786426,0.047077478623653836,0.07694301755209078,0.032857275692690854
2348.0,0.09843092196599745,0.2530275954983815,0.10012934470069552,0.06445554567230341,0.04143896784082086,0.025961168889075296,0.09807197324441397,0.028982867753073908
2349.0,0.19217651202775665,0.11762615240832802,0.05477903049079529,0.07524910534101285,0.02745028862723426,0.0458403849404041,0.06774253898349385,0.042171417535736194
2392.0,0.2173698874529366,0.07571895820173671,0.08553430164630446,0.04085492396025926,0.03453372092883573,0.05684213002746524,0.08738084800339538,0.052478585648898464
2394.0,0.24365256992116063,0.0628047646531184,0.11850379869849988,0.0355180736874595,0.04034234838078852,0.04554606011319147,0.05298155854543054,0.029793889319476154
,0.2056311904586354,0.10269565170842711,0.08228205613728704,0.0215824307070923,0.05250189028897246,0.03381798599879314,0.044013928283412475,0.03121517720130476
2412.0,0.16435934732597152,0.09224750064413317,0.11481328588899697,0.034412423629741964,0.0318381420084388,0.03211321962485665,0.10929174606449359,0.043620205761682046
2413.0,0.1736568281942161,0.08124105143474697,0.08480872334616228,0.057421809601577556,0.07812372681020903,0.03335107811931464,0.05678090930330636,0.07516720387471525
2422.0,0.12122941419102035,0.16136434021623294,0.11203800410641519,0.24498314815422262,0.023985904292363625,0.019692226150297767,0.09501065162130147,0.03826016184721055
2423.0,0.14221864946787957,0.06833595192095097,0.1342011673643602,0.1487644081713905,0.05645770676768588,0.023713931155507812,0.054133304489037457,0.06620339593062056
2424.0,0.13924847988825462,0.13612292147352784,0.11949637599064548,0.05607454429115347,0.030118500422168185,0.02414957045353702,0.06202116403006655,0.059684987203139694
2429.0,0.13618498454556774,0.08156678158524872,0.1048717351749017,0.05673541975788433,0.03690636417321148,0.036567171192221554,0.06659996657565675,0.10788742588327753
2511.0,0.1177522676234459,0.07411709743454281,0.05156163566652561,0.07749683063165283,0.052218033865550746,0.03044462322045627,0.1275749413523906,0.07197611814919433
2512.0,0.14837866173083766,0.09381873421695187,0.08236589563807702,0.035360067748586424,0.060944200159534105,0.021484692641094268,0.08292865099017219,0.05765988300242824
2513.0,0.14632906842398544,0.14894378850917714,0.1070936800204313,0.04128818987573013,0.04843704998607308,0.03185318435850618,0.04402163300877446,0.06676313365282571
2514.0,0.11203208071014999,0.08153809613107874,0.09919656381658681,0.05407747665757743,0.11252497938221091,0.026108026832144544,0.05894977586202115,0.10290560781968786
2515.0,0.10678236046115341,0.07157327647009151,0.09507953060609761,0.06650421239323721,0.057471061175364074,0.04479313631621799,0.10547549200931837,0.14929866196611277
2516.0,0.13846300468473732,0.06676848987487342,0.09222867276664834,0.06230469156071049,0.0846573968437898,0.026432416100875062,0.0802402295341111,0.047974930539668635
2521.0,0.1352609036680953,0.12205403882744519,0.0848450499159544,0.03232575740257119,0.07707524768938427,0.026408959211977806,0.06836447172023871,0.029061881325960694
2522.0,0.17827199956651318,0.06489539264476817,0.08377197560873767,0.05785305776894999,0.03641885501803814,0.05831903583867719,0.1308381808557597,0.08791175473233838
,0.09696568984647358,0.09181259962102005,0.15756280765162678,0.0464226475825318,0.060214413810320784,0.023086667492974004,0.11933393528753704,0.044150183493475596
2524.0,0.14340848962752234,0.081881806481284,0.11784929081337682,0.05362863434583139,0.0456655502491707,0.04075448647579433,0.0558055821045087,0.07432148119109043
2525.0,0.12193404969461222,0.08009087589002944,0.08689860218175018,0.05610432672250266,0.04365159146424365,0.03009313747912519,0.09431448947394155,0.11432060586512456
2526.0,0.12032933667050894,0.12800820452990022,0.12308673159993817,0.043971433727307066,0.06100706337119346,0.032985231560851,0.06626571157387509,0.12041672299247014
2527.0,0.1916392657511837,0.07835494515155791,0.10776667435206172,0.04632480339725027,0.035286117341896996,0.0329708056482215,0.058575015439706654,0.07730822992796783
2531.0,0.12359031603369126,0.06993420808128123,0.09673295796398748,0.08714896237640384,0.09722145335804303,0.023966829459206935,0.045553138819400894,0.05327242329145705
2532.0,0.17530112499065428,0.06431431800676539,0.05921455218332509,0.03830177053590025,0.18378030255517627,0.02490077905941875,0.04264992102512478,0.07129897213555117
2533.0,0.15843047150692668,0.056806428266937596,0.09004542476231026,0.025518139946853764,0.2325505706857851,0.019910033670273185,0.04313981121257449,0.056090546549114745
2541.0,0.08914529883177037,0.056604035864682066,0.24619907573479224,0.042572668185101074,0.1161462571770143,0.02331284558020896,0.04819831522391694,0.07364406068508413
2542.0,0.1127451072560442,0.05728278326232611,0.10092942420350584,0.0514257219797282,0.15861083723887365,0.02719234612566265,0.05098421657897516,0.09350907995423788
2543.0,0.14401144007939395,0.06152376532436599,0.11077035694083504,0.03834606138367636,0.14614420771991024,0.02652503912538173,0.05140433546557726,0.05692116988453096
2544.0,0.12698789590491247,0.05774799694906528,0.0874745339736738,0.034440584556498205,0.19950939385892938,0.018704411048629025,0.04589287157621761,0.31089685059008915
2545.0,0.10200506824610722,0.054583640033077994,0.07480019227976953,0.04531044399288751,0.3036418571470765,0.025181883647921368,0.04999207196822359,0.20024557849088967
2611.0,0.17030938546045118,0.10581631791654099,0.08718167404327047,0.033814655044964705,0.06584533130901547,0.023529694430565597,0.048314446617356725,0.03817975945080943
2612.0,0.09733885460728986,0.07823675714930224,0.10464870189425399,0.04785628525764304,0.13044719804930965,0.023428968665179677,0.05563964383833252,0.15022692777191854
2613.0,0.09788316786555043,0.2462225566894347,0.054138051080756554,0.0215842286788728,0.4477196938184862,0.021299026833066798,0.028320299606346355,0.030371201314901737
2614.0,0.1833303698086686,0.07330206041896166,0.1008458759059127,0.04230577896175515,0.08341971169971461,0.023031354165211827,0.03659057817858992,0.07588164669807114
2615.0,0.21374270320852845,0.08316537313190854,0.0808572820326482,0.04712847493334863,0.11201049503062228,0.01904822795099094,0.045446965020954515,0.036566698786038666
2616.0,0.11384214773544091,0.1512325689383214,0.1115512880851699,0.05493663779812153,0.06267157842761055,0.021517212717033985,0.061661694287307514,0.0384291060360001
2617.0,0.15897941443324368,0.07585478278313755,0.14310194445863444,0.03874109861561205,0.09228004223137062,0.01650416838397798,0.039957003572480235,0.03522669345180521
2618.0,0.11425638042726047,0.07919855060023755,0.10485859558718597,0.06513526748862881,0.1153677008361417,0.024255416257725877,0.04432315936498405,0.0623164573282359
2619.0,0.11886535575341683,0.10494984738940973,0.07374842048556603,0.09726167462958682,0.06313694212911478,0.026544759902518245,0.053836423993516694,0.05803791240625315
2621.0,0.1216062135408007,0.09042125795524832,0.0687134895956996,0.07632481612262056,0.11917468013895624,0.024137245273611652,0.04939119194358945,0.06514645132660357
2622.0,0.1155097154275282,0.04850639337438185,0.10599499020988935,0.0851549485349875,0.13859608345102598,0.03568409626373499,0.05301495084301182,0.06900805733989379
2623.0,0.09349931370269898,0.07532979274870485,0.16005973947809132,0.09995226726813194,0.12138348727205478,0.01686243313535369,0.06405547362941731,0.04868244549383633
,0.10890437484768527,0.06467018458317181,0.07339616960284401,0.05743269114181997,0.14609517145809497,0.02663956750010514,0.05990767489705328,0.11159121279880038
2625.0,0.13260169743767322,0.07584802794802366,0.06270418948259807,0.05224073824918948,0.10305436268210821,0.023939511461238707,0.07185856286160044,0.04643477597940085
2626.0,0.09463457195163887,0.08758351119902812,0.08923972465990698,0.05915667965421989,0.13210768276913554,0.027120570266583207,0.048054252955676585,0.05648485223393081
2627.0,0.1269446277619325,0.05983601139559379,0.10762482573966388,0.09244837258919708,0.16636894595784293,0.02091146714674732,0.043772526319497726,0.057353232355462885
2628.0,0.17252899790555615,0.043814774107198466,0.09814480862368836,0.03384632533660634,0.2529757444383847,0.015635721503113424,0.05081458515391669,0.07781426873043823
2629.0,0.12806525367387378,0.099403817895537,0.12179121968222656,0.03573634225795324,0.09320536228597177,0.02568389888473812,0.05713462034039761,0.03667291816726649
2631.0,0.15583224711236268,0.11153320734462349,0.10549842118009173,0.03278137153046329,0.07957584813454667,0.02010403095012909,0.03956160443029806,0.05510852650195665
,0.11384529867408594,0.08423618189146115,0.06019836157423037,0.2274529289543289,0.06957059825096133,0.04088168345406577,0.04383498660545156,0.06436709358817393
3001.0,0.11523257166384411,0.08801435609585119,0.09242944956542953,0.08170458512604034,0.06673047708098089,0.03489455684417675,0.12457495168377367,0.046032858231549095
3003.0,0.10003975760907456,0.28086834247271636,0.05234143304242555,0.0287030608778808,0.21038680417882,0.037312403461587505,0.028994725309676013,0.02679387332268009
3011.0,0.12867154692241364,0.29484935007133434,0.0461548597932191,0.028213616306235523,0.27920397494033267,0.0330218455748603,0.02574763324692097,0.02412155216881185
3012.0,0.10143729657293658,0.30015739059022983,0.04017873191790616,0.02128569861427454,0.427558606611333,0.02866780436612651,0.02927326001330142,0.023773394989524202
3111.0,0.11188859177999455,0.10845323795349458,0.07445104275679719,0.06942569070252644,0.08139082026510373,0.024141272159897417,0.053042411680087706,0.1021205415289387
3112.0,0.11453544337555713,0.3381679752259518,0.06298582027309986,0.0187388084160941,0.30093350494308946,0.022020072156738263,0.025656580565908336,0.029729882578023132
3113.0,0.1686613455486896,0.09058438279441906,0.1233800590130616,0.056401471341978246,0.05130914971473869,0.022190614429750902,0.04760043208201419,0.05466858621963713
3114.0,0.12188828389136298,0.08234306896778798,0.07924227350582051,0.04309885347817075,0.15095470647209117,0.019519432492506136,0.054536280474028746,0.12427999267699066
3115.0,0.11468294682223948,0.05617607665451003,0.07378665089411104,0.08223732090597835,0.1223937964088634,0.03436254419731973,0.07038990692963117,0.11044276358595445
3116.0,0.12526388342450445,0.08307229230247266,0.0722511737414854,0.057257069809947735,0.07004756226001242,0.03561291374049694,0.039983002443484426,0.1059696271629756
3117.0,0.12522278329475142,0.07093953426306693,0.08676942698595086,0.03865860055072394,0.17646283383024816,0.01801162223438321,0.07092668455029161,0.049307189984324686
3121.0,0.11674248344362657,0.09356462264998412,0.07315802629840115,0.08441983745076548,0.17967880402893008,0.022614486439823302,0.032447297501462365,0.09489964465662436
3122.0,0.11613193839352691,0.08005105369531672,0.21504642455626352,0.0350708517782964,0.09621518992216986,0.026378328933004312,0.03954013972106258,0.06151426073730759
3123.0,0.12290825877316006,0.08869117965255086,0.15340921763211554,0.06911728925167537,0.07213314350235663,0.01755616947283543,0.04440584439667915,0.0754896545923491
3131.0,0.10706002207015128,0.13456232941879367,0.1033094816672269,0.05792528121907769,0.08043709096961707,0.017934499354343197,0.0547907413424033,0.06098063300694817
3132.0,0.11034298866273051,0.2117661816620566,0.06353164143684287,0.028185764474158836,0.26160079182667584,0.025517362372496376,0.02772277474425656,0.021239229835271326
3133.0,0.08039663275307048,0.2947528255821998,0.14405485969334295,0.037893946039078794,0.1436804749824961,0.025248040239822283,0.030833401912480275,0.032853197463369115
3134.0,0.08528726478365077,0.30054195381134274,0.06245434218773278,0.023270806673900746,0.2794230138794277,0.03672616373346528,0.052534810529536374,0.021999295071097644
3135.0,0.11220954463276842,0.16268182355374367,0.2532272942918115,0.018065118599718502,0.17517765582215045,0.02896792590795611,0.02746520412104257,0.018597722209728548
3141.0,0.11761877808712266,0.27473215258300115,0.10341874769569902,0.015244472086236728,0.27870206290972727,0.02333939513195123,0.028267626435677293,0.018029697791525783
3142.0,0.13567023775912498,0.2339077557308195,0.10612336928755972,0.016703917550165374,0.2289133983386815,0.040828514761597275,0.03260498059016451,0.014093266791966323
3143.0,0.08823004470200839,0.21252169186687997,0.07869285691156866,0.018429051061813917,0.42772258411759695,0.02878021383101535,0.028462830507154174,0.023136318063285286
3144.0,0.10847667884559647,0.11967819032299304,0.14741942224487584,0.037177142769053054,0.17994204034029676,0.021993410997195748,0.03612521016251331,0.0398572127256696
3146.0,0.10321997338335914,0.19210317624264078,0.09686617765517669,0.021710414004860422,0.3031542898796019,0.03293763937924258,0.02674070774533532,0.03685709052994825
3147.0,0.09914619041431161,0.23481186849822966,0.04152126539619795,0.025111145564623308,0.33039611027644183,0.02019143630353009,0.02531065296571841,0.0953926033704548
3161.0,0.09150358055149299,0.2147579589233377,0.034059903266210084,0.019934779011575587,0.37201326054996314,0.034917476142066105,0.03357367674659103,0.08541381512542126
3163.0,0.10765686479812611,0.23210480641356998,0.07599077054647908,0.018318734120522057,0.34510775847783115,0.04437520554217446,0.022709223199649027,0.022186670782130782
3171.0,0.09844782025982521,0.2819038157374375,0.09030092735784744,0.02424973917393557,0.3082531464583361,0.028775684304854866,0.027823007165868514,0.022375703522906472
3172.0,0.12796905982923112,0.2075758903127085,0.07971951364461628,0.016961107375712034,0.19206045693679363,0.039335138239355964,0.023985380554453446,0.01630053331641169
3180.0,0.09532295465841531,0.3493266814233261,0.04457407874429373,0.024714894799881225,0.32364119773371625,0.0270418281768319,0.028517910876869276,0.017932275570606726
3181.0,0.12497911871077715,0.08038606126897366,0.09457325277007303,0.037556530548308285,0.07566852717112817,0.030155314940567356,0.07915247610926215,0.06334317429862789
3182.0,0.1283453027604746,0.1373509074863144,0.12346959627657715,0.04816021329570947,0.07284789264824515,0.050778744408593944,0.02693221396598313,0.02682910956197196
3183.0,0.09730724054703514,0.32921950186173554,0.041505563841212165,0.019052647176598988,0.3340943027284087,0.02762804420338214,0.0595295604457941,0.022055776941165037
3184.0,0.1302238794874233,0.2418032319290019,0.05939078044167553,0.020309560308152053,0.25994291814614107,0.020245089315175335,0.026461499791892093,0.023287831807716892
3185.0,0.12115958445042646,0.27183314309332307,0.049685268827200375,0.01810454713653923,0.21203167840414372,0.033376467466010154,0.03899713673195666,0.027856257021311052
3186.0,0.14894197573909965,0.2244468773658203,0.05006154478210211,0.021725368027473404,0.25614308121092055,0.04607446493318448,0.028632224446974594,0.013497549420534523
3187.0,0.12839544958455396,0.22013870117679107,0.10178607619693944,0.025270020761493116,0.174259714730372,0.028747460182246304,0.027890551791315957,0.02015202311645005
3188.0,0.10081215924479797,0.20815371160844306,0.09566643596328961,0.021251052761689197,0.21323404879904662,0.020175211782644014,0.04650363784718668,0.013463036206760495
3191.0,0.09033621334634885,0.173577129405725,0.12931445141110345,0.024120181068493746,0.37071204151345116,0.01725753865179225,0.04229552713328351,0.013147015942345727
3192.0,0.11942488037758868,0.09972180458733813,0.06946821746948831,0.08151717513155547,0.05873243786694696,0.03163679105535649,0.0827024676844185,0.04944160899058155
3201.0,0.11121227457170157,0.49894902550707065,0.04419680271548004,0.025740516732116882,0.13395028091702385,0.02963237504175391,0.03871245381917361,0.02034955410692878
3211.0,0.14408472804302216,0.25543618733319046,0.04726689040461038,0.026955554450530186,0.331490432273305,0.029226616989626697,0.03553099630977247,0.012210409226312773
3212.0,0.09921636623300041,0.3673631841156241,0.043461130283956,0.029404099510454768,0.3066221085956798,0.02379670680007624,0.03233793254522866,0.017833914763579903
3213.0,0.2079204146947497,0.17957858942142108,0.032130218798595934,0.01783811786977549,0.2235357033915196,0.05902259900835164,0.028947772631350035,0.012971689658576332
3221.0,0.0994266330895461,0.25284379366623966,0.05005322102711401,0.018722953643748087,0.33172033736680767,0.027286675913094992,0.04721349515751034,0.011815409604211556
,0.18235318085818317,0.08401877530031394,0.09196117508703783,0.0456126098585218,0.03323773404382321,0.033085853392110315,0.04902640956543021,0.046981362235743784
3223.0,0.15870542540053031,0.27818238121196565,0.04996750490589953,0.014897091399764863,0.17567799534837414,0.02881865053028016,0.03908326043932596,0.01296200461546085
3224.0,0.16819436530793966,0.3428260882349723,0.036470280995449245,0.01926435098930176,0.19515427605678068,0.02996717434240474,0.03901622950074376,0.013646005492190135
3225.0,0.09430244249055887,0.33931623378366105,0.0726994616062993,0.019667996082110752,0.19815884913354978,0.02943353849785739,0.039436068227251694,0.013525171235914582
3226.0,0.12069521015299521,0.05466524148355517,0.1923512949430178,0.03698423495921147,0.13813390320803515,0.017473615572420303,0.08509795774596601,0.032786816713970005
3231.0,0.12215607950169233,0.2346771812465782,0.04009989446262754,0.021440773474493063,0.23569415070589367,0.08942562375745136,0.028379107181099344,0.0143599379698266
3241.0,0.19798877631633277,0.2549856311977597,0.052730410909163125,0.02007733684302508,0.13076743563145538,0.04184174134865166,0.03272613789405066,0.011640794474115777
3242.0,0.16561094387434985,0.09095226405707227,0.07589021502588016,0.08349340822810954,0.06222406227936433,0.031103566022707075,0.09048475438565332,0.05000620013597667
3250.0,0.13523756148188132,0.2666894846899463,0.09559694272185015,0.012748181839946115,0.1856252483005848,0.02012728286395796,0.03210910559032029,0.01813491163530553
3251.0,0.14398601192984645,0.24072526448797277,0.039607502852607675,0.013879846104843665,0.21875855481151976,0.044819774114006714,0.03189211362879162,0.015019252140923771
3252.0,0.11674266979857638,0.31563858213960305,0.037758425201866105,0.025243966693455074,0.35212369398993887,0.03755181912371452,0.02702561119502795,0.020720073680103132
3253.0,0.12302356098593167,0.3262817335912229,0.04660768185045223,0.01959100488494573,0.18108469012703454,0.038621092122470446,0.060106874871851325,0.013697692372684034
3281.0,0.0881078430593831,0.49615010188501996,0.05199149684982015,0.020267859015609766,0.15564805643516352,0.03380544158835667,0.05827941637577597,0.021434499733571442
3311.0,0.08654139000892516,0.3380229920407358,0.03676356057697257,0.018506024190683288,0.2906240762600746,0.0314765673154416,0.04323460279257382,0.04790907557909525
3312.0,0.09712077823736148,0.15591577110956076,0.07942736667057257,0.07858978195576151,0.04376800230031974,0.03352520710154323,0.07688475758155731,0.05098047956154786
3313.0,0.13113369953410214,0.3644703973270216,0.07431031462804462,0.019608802153707677,0.1386714751398661,0.05689154063708263,0.02812557164683647,0.010508382814955343
3321.0,0.10905236426589532,0.34358595891956567,0.05087668756662635,0.022763758150435506,0.2770883886884572,0.04508955329378403,0.03853379951745552,0.027159592498160138
3322.0,0.18873657140675754,0.208450824149456,0.08046577192105095,0.05002053980020121,0.03550730065617014,0.022970389060194087,0.04480798053757019,0.04874352086062353
3331.0,0.0874970065019131,0.5102211890589669,0.054185472456028144,0.01563679320165843,0.20970055963594364,0.027140739196576426,0.062300668929635976,0.026411135390264195
3341.0,0.1241907635961765,0.14971437914583674,0.07482088423039714,0.043615162012695025,0.04714115533962484,0.04440562713054781,0.07194024760065003,0.046153273927425985
3411.0,0.13534918255782966,0.08383660962309687,0.07239803833447896,0.18391419835740563,0.04703469141205692,0.02023123147911644,0.07281662943970602,0.04801519467980875
3412.0,0.09129822069713354,0.29433642047161285,0.07866643914074081,0.031863106570106554,0.2555504250281038,0.026353160623781596,0.04001337136791269,0.017880358366375988
3413.0,0.1116092878944932,0.3739504776780397,0.03885534464852049,0.019344980300720904,0.2269700645271378,0.030989335486146317,0.0367476946841759,0.020243382079397597
3421.0,0.12811316707523834,0.21440639674076953,0.05985301710822593,0.015624676673273446,0.38894005542566246,0.03574799643055238,0.02437689406653463,0.01237477045851204
3422.0,0.12775977944077638,0.2684631805561706,0.036286910082457505,0.031146237220656438,0.22817998221979194,0.05247341542429656,0.03536989944367441,0.015495495976017683
3423.0,0.1084604266510963,0.3052331312182043,0.044396237083027874,0.02358968908771463,0.2695501351477461,0.023338414798660088,0.0342801506861543,0.02706616956601388
3424.0,0.12930808552668505,0.11947597293113714,0.054486501341437885,0.09904955451082344,0.04312443601056308,0.03443106823886046,0.08792846993304779,0.05414599183693029
3425.0,0.09480498945432865,0.2857217994687911,0.0595612626756155,0.027741389446937242,0.16086566697513818,0.04482589010680723,0.024388302730720752,0.02405737160744565
3426.0,0.09849009234418396,0.24167418770573285,0.10752532654030965,0.016864068831976546,0.25241139801176754,0.026160276724669675,0.026012485835944912,0.017128118984343785
3511.0,0.10643214531321664,0.25951706956332304,0.04508326920427407,0.01845672149047995,0.36615292406127836,0.052629319446950054,0.021718085945321434,0.021034555964182047
3513.0,0.12287585923786357,0.10835457167888582,0.09680715104547649,0.03313275834457989,0.05662397852586606,0.024248254295882832,0.08749443813779667,0.09345816251717244
3514.0,0.09941709164020597,0.287095663728989,0.06723232561674375,0.021766327796263814,0.15702439080366656,0.03172479104481758,0.03369234363913559,0.0670165826476294
3515.0,0.10993028015795892,0.3124441890176255,0.04787473484624821,0.02662752159592105,0.31544056692240513,0.03905667229583986,0.03537277163886715,0.028884697700492217
3516.0,0.19115584388919277,0.2884279939510839,0.04028749194732314,0.018540930750204573,0.2508258511728731,0.027324006010858798,0.029372655720758235,0.04692874912714873
3517.0,0.13553565984005875,0.19056664206964463,0.07131993717622556,0.02121558229187572,0.26512918494047083,0.02899584333361893,0.04401456697977211,0.027716855681174987
3518.0,0.10577096537072687,0.3315613607664246,0.051342709651321906,0.029037085888120446,0.2166189222404508,0.0347648508590789,0.03469696950563484,0.04630591487422719
3519.0,0.09390515165269259,0.2187874771229355,0.05860885806899815,0.01698687659884803,0.33269153137045304,0.034873242562177414,0.040904978668742625,0.036556624663228524
3522.0,0.11601697031116692,0.3104308305891212,0.04532700643019674,0.01906727081408266,0.23359296578957314,0.0436101519257216,0.04570111513620118,0.016983130579973797
3523.0,0.1346302538035754,0.06322200493742643,0.07468134502779054,0.0450952955059685,0.23787201100128572,0.024142533786914857,0.036418271074031804,0.07132409391589832
3524.0,0.10360484919981762,0.20519454644725088,0.08692366821247856,0.016549826402701695,0.3010421321277913,0.04053323978576194,0.02385705677934367,0.015755195532825055
3532.0,0.102305634839537,0.07420588031604607,0.1780308936678463,0.037973115763419656,0.1131190097305129,0.029157581465957958,0.050936087083271464,0.035925169563397454
3541.0,0.10906194179121013,0.21266609566902756,0.08202383234252297,0.022722133831602844,0.2798001465654796,0.03342683925270197,0.05442710486950877,0.014498117042492037
3542.0,0.11564148791174278,0.08375892795553742,0.08952249027419074,0.04845269035150278,0.08232229182556629,0.02986175093378603,0.07505212202973995,0.045443199687098985
3543.0,0.1078777980999131,0.3790784424264839,0.06188412971060197,0.01734741192270451,0.19149997748816325,0.025096473617447313,0.0545090096891499,0.01983754974968569
3544.0,0.10879747868559053,0.3864596646649086,0.03818086569679729,0.020016978624479792,0.268397639430674,0.04208602630440855,0.026125491593015273,0.018124532217033074
3545.0,0.1150296805003221,0.41855552953557595,0.040399169326044856,0.023592592673095273,0.2608871505680072,0.03469175259742595,0.03122357834902553,0.017395059658181933
3546.0,0.10137467602670308,0.44723838672286925,0.04217431413641453,0.015389472779107237,0.24343967802025823,0.02381324673333011,0.0649911983980524,0.021056736815769632
3547.0,0.12021772328807896,0.4726403931130294,0.04105453723962574,0.026654905314282197,0.16630323942573785,0.03373366535676601,0.03556561552125224,0.015072157495048462
3548.0,0.12349898288164414,0.33061332124107196,0.03605932866275717,0.017574893845784253,0.3878603347757042,0.030359118262007264,0.020317142309389715,0.019518958030061102
3711.0,0.15120265526498902,0.24122526320921536,0.05708515579650592,0.016295988396399497,0.3005316973859672,0.025703337121900646,0.022806884261586537,0.01848053003891229
3712.0,0.11451317431590552,0.31866375020661725,0.0775702999685777,0.027407962569428963,0.21770443683421753,0.03874219463791318,0.023049660158451977,0.01236956362557789
,0.11179464336168682,0.2862133285602634,0.04990943289061085,0.0197477078833066,0.4023151033647312,0.03313928033202506,0.0384461520374792,0.022029986213128783
3714.0,0.09723609300079641,0.11898723163235211,0.13271417125439974,0.06269784612802767,0.05359373608998665,0.03572304076522772,0.0894115978538185,0.06958799891440438
3721.0,0.12249123546053305,0.5019051867949155,0.07084684098793478,0.01635946373085376,0.17330708678712484,0.02295141797816151,0.030477032650380504,0.01858319931293527
3722.0,0.12874040140193904,0.3701156691143405,0.05427305047404666,0.018187148555190498,0.22298582536587713,0.018947190604492167,0.038564016149269895,0.022793261232649284
3731.0,0.08991070885389506,0.43694879283840804,0.050869823271637825,0.017047006868998526,0.2543398492151128,0.03075693409605419,0.02648960071775392,0.028461525530728095
3732.0,0.10205242700231087,0.37684655961260244,0.041323814202332707,0.017386720394077036,0.23452445428737262,0.024673082491375484,0.052540189271986344,0.02477349897809387
3741.0,0.16990444786378708,0.39781837524358377,0.03993811040019849,0.02465385578962895,0.19284750346156923,0.0356598108405166,0.04475002282207137,0.015163816797289726
3742.0,0.09893001522742025,0.2331654937450251,0.06737834070487639,0.03651438723713646,0.16411181673165384,0.03689320331648088,0.05292111833110999,0.01819548529215265
3743.0,0.09708316119826399,0.2292319976705393,0.0552138681736726,0.024867880767198328,0.22898840730584177,0.0553500025866226,0.0522060439156038,0.013788783849302676
3744.0,0.11237777551667469,0.3148090409096633,0.0512021157438654,0.0213552559119746,0.2079634756419206,0.06586098431587595,0.02830240362046052,0.011142537797232562
3751.0,0.08562553107920638,0.3822705127596961,0.05553479020956274,0.014578770816979019,0.33100498196225253,0.02586054542986141,0.042582338565805976,0.014007398923133454
3761.0,0.1723580476016832,0.2457530817194601,0.03189721772221131,0.019363990626267563,0.25513299326993194,0.04983614327400551,0.022857198595824513,0.021337602749602166
3762.0,0.11777296771272669,0.2538924685991941,0.08265859714778577,0.01646940832110015,0.17181862392409042,0.04134896643871899,0.03435315833217636,0.015781456815755428
3763.0,0.18061305362182403,0.2562299087307447,0.041261318626689844,0.01545955053968035,0.21548882645790216,0.029167110106140134,0.028070302962227605,0.016111373404949364
3764.0,0.12578661129335308,0.3133018050429835,0.03269637031717644,0.01575769221452639,0.2110723087137925,0.05665905629507804,0.030218885782989195,0.020554782093689394
3771.0,0.15549575881793992,0.14129639615041714,0.0771750414275326,0.05070792630702615,0.07948136491751248,0.026642535417067355,0.04857286542479831,0.06769357019031691
3772.0,0.0995272918388347,0.2845076873263542,0.03823662982277303,0.028278563014597073,0.26744845620229557,0.049130283419230335,0.05731907834616527,0.017807395970718926
3911.0,0.10600244617491536,0.2644776322728843,0.044698424181961405,0.013335248833259736,0.2726525438732285,0.09032700553968148,0.03728068790105966,0.01657533990053547
3912.0,0.1136366224264575,0.4455736367095145,0.037182316929789634,0.021121796561468183,0.25656868700683494,0.041961700865129035,0.0225888102553067,0.0176148648612299
3951.0,0.08914975033345883,0.4411490120574853,0.09384443895739424,0.01726540759948723,0.18504132218661934,0.058113972698727895,0.025035024399453452,0.014550996172461216
4101.0,0.09390452955196053,0.12877068223673466,0.03653942821589771,0.014821957915904078,0.16587055815289015,0.7517918712704492,0.01898042846091489,0.02178359536687465
4102.0,0.16975302421939048,0.3814055390724634,0.03601027818435846,0.013883740426757451,0.29203055691075286,0.029403301709652854,0.030423250499142095,0.017272898269578583
4110.0,0.1607494444580034,0.28638812077975007,0.0682952879853056,0.01622196253420097,0.2137445716893837,0.029987381775571167,0.022472834891897206,0.015645813173450034
4121.0,0.13802740974594996,0.22317518107744758,0.046046460559722044,0.014909015951917529,0.456460215613164,0.0397546675879978,0.024219596227596455,0.014779672818745298
4122.0,0.13607116715264786,0.2973687733546974,0.07543289131374435,0.015787616951368877,0.2542688108781016,0.03492402109843673,0.023322449197797107,0.015257765353936224
4131.0,0.10772562597730928,0.21361892536516486,0.09635819888869536,0.020679701811766264,0.2735087730140325,0.035820667925183076,0.02363173289668358,0.0153604320262853
4132.0,0.1514444619550639,0.2536696940493031,0.03704187796941336,0.02419149502639635,0.28437389921538153,0.0283242971053683,0.052158316043040547,0.019671444422115544
4141.0,0.08524816173093205,0.3528059701169476,0.08405584117128555,0.014409536859447066,0.29614681831611545,0.029607873881034086,0.03441340742481676,0.02365561642463059
4142.0,0.13882198438526636,0.10400437153115114,0.1267323615319808,0.06421226968638866,0.04500464425166619,0.051151289636210524,0.060211576696577916,0.04106643114568636
4151.0,0.13458743589534328,0.31662468365671237,0.04430306848981361,0.023890362867019288,0.18857266954540142,0.04500961729635655,0.03474732775777742,0.027303977046360395
4152.0,0.09348136729862616,0.37821893646168003,0.034613182671509674,0.021887643413891256,0.30665322773497955,0.04762611368553345,0.03255898911887072,0.030347303146354143
4153.0,0.1452245598068086,0.32224016691816815,0.03975502708993244,0.016339736016141988,0.2714440292295662,0.023952809664300925,0.028075794279102655,0.030274321767950942
4201.0,0.11889604198067828,0.3338512930279473,0.05989421265305238,0.014528706469626236,0.2708115566367352,0.02783860868706808,0.024343445749034864,0.0149235174367193
4211.0,0.1607902905296037,0.08849097607484883,0.10167641028451617,0.05704111212083885,0.026746173695865967,0.1416349100926395,0.05479254558540244,0.0345872647847874
4212.0,0.13664599708216202,0.15042221608398748,0.10668427128194655,0.052861089774144776,0.04180473458643127,0.029712377765225586,0.05796437929617795,0.032068451107995666
4213.0,0.4198875118452454,0.24702209689655474,0.03912400606876796,0.01573948250535656,0.28321716450475926,0.029590673031916787,0.02427983631976822,0.012195986099037024
,0.2721767057151014,0.18397853853128926,0.037566271335136577,0.015851080852451592,0.14149134732448093,0.03157191947029561,0.03258879032236516,0.011041231035759956
,0.2106089275290183,0.3416879440571063,0.03533147704767961,0.020196488362211773,0.2640371976905127,0.03510011251104618,0.027568980487479317,0.015877198516877394
,0.13364667024831034,0.48564686190788653,0.04840578660215281,0.01815647455981107,0.1566188520652543,0.03949621079107411,0.02261657974933534,0.025366380455677046
4231.0,0.1377300260982077,0.27116666953972157,0.043194531329029416,0.025005516505489732,0.39247691138747604,0.032761384456672135,0.03309078208385485,0.016616012266658015
4241.0,0.09721284988610845,0.2624913561987747,0.08302550084034546,0.011993999309426528,0.3899856783238959,0.041401093725428065,0.021811002433448138,0.014825109902610021
4242.0,0.13167171977197598,0.09676689664354331,0.1696847368298059,0.04209126568959829,0.05782506887529531,0.04075463264119787,0.07530759824105179,0.04319186763444988
5101.0,0.1534156151696198,0.3586038125534073,0.04034998146291791,0.016839532020590752,0.21322726986289034,0.04298692002217802,0.025718434420247394,0.016497586842995224
5102.0,0.11120407114188152,0.5053945961288198,0.04309832694552685,0.027474347161802682,0.15378548734833683,0.02463843430847591,0.03500667361898149,0.02168819130088519
5103.0,0.10951717634596314,0.7121169884855745,0.04555393995062598,0.016969796066115653,0.14637925666917354,0.026230749764508662,0.03966270869168011,0.016080764287431878
5111.0,0.13354643489122725,0.3885561841102639,0.030086655560263076,0.013426425741183218,0.23011111587205346,0.032913190391753465,0.025249765482916957,0.03341760328853162
5112.0,0.09306936056036275,0.3409684496389872,0.03679810411360313,0.017024493975060697,0.25714404109139366,0.043993505492517994,0.05884891773538496,0.02179715462643417
5114.0,0.09947811457310675,0.3588590206448367,0.05765561721924184,0.016800543080962772,0.2985000087970127,0.044210586456930254,0.024517237289166917,0.019033023245815094
5115.0,0.09422879987111785,0.34094686461719426,0.03573906618621561,0.027353124405394332,0.5480074357308216,0.03148699904926155,0.03402669562710728,0.024727237536512774
5121.0,0.09449196026608903,0.3029899510967697,0.056296652339302956,0.01773201582200759,0.39911761541879287,0.03728609539047021,0.025852486713744443,0.019094609766039265
5131.0,0.09596997041864729,0.43146422690594677,0.036132238559699645,0.01964823875655719,0.454048024387988,0.03614132789104212,0.030226405551223984,0.016778901700009716
,0.10087038657809046,0.3567738758957584,0.03548856197654409,0.020449587605994624,0.4737626126189742,0.02689347243284755,0.056084965499372995,0.020800014566943817
5133.0,0.10262262881211791,0.3127343146964721,0.04972526957766362,0.01548025597573803,0.32496014703188997,0.03990054620604588,0.024897427888945917,0.017832328956787248
5134.0,0.09529714458206609,0.317438753965876,0.037770059957993554,0.022071119764980333,0.4858849632384709,0.03180108320232559,0.040104824654682285,0.0174122375682197
,0.09269060811739717,0.31309930142215386,0.031347333708417954,0.024849978982102314,0.5554845123862062,0.035339710026562644,0.0368303266453362,0.020704222080526625
5136.0,0.09574763280387809,0.32634602687466197,0.04027206017672177,0.02447759870160961,0.4491537395199879,0.03255123881768016,0.03153504279191485,0.024099776646668486
5141.0,0.09628511653690935,0.27216791794225836,0.05302279099687069,0.017171833506383502,0.32329812394068563,0.04310436242574186,0.04399543526005654,0.02025629238408117
5142.0,0.09432785374287737,0.3547001291033069,0.0357272759312721,0.020125714364157925,0.3707446016884783,0.042973480547076,0.036983144294672254,0.02284156102746281
5143.0,0.08751530112684024,0.3355311854407668,0.02836845827577064,0.02749701135209035,0.48557950820045714,0.0410667082315016,0.04027291769735517,0.023121494410991556
5151.0,0.11255577603156203,0.3406141269669253,0.033874724292426474,0.024733968099700583,0.36168403623978984,0.03175642951105244,0.05273718145975911,0.018977761087938683
5152.0,0.09892719314230548,0.19247910355246658,0.05168137798246527,0.022553472143134443,0.3611551022407709,0.046185114428623664,0.03634303382526058,0.022437922076469913
5153.0,0.09997164610041354,0.31756056994840376,0.040451533844614,0.01752159480664518,0.4360250106401266,0.039548216961454954,0.031224132198411424,0.01711250475725718
5161.0,0.08641777505342708,0.3511199775903655,0.04085654873819973,0.017107824961550302,0.45159437384928686,0.03213832929529395,0.025676701272761036,0.02620883390681478
5162.0,0.09562819181216085,0.3872008980283012,0.0585444628250497,0.01604577131413448,0.2905973851908864,0.0457451129716299,0.02225485261333686,0.0195146859064695
5163.0,0.09921300212767496,0.33310375357983546,0.042317870255508844,0.0176603487794921,0.3928099317936863,0.0321336067703922,0.029837208069404368,0.02530381728099748
5164.0,0.10148167123527681,0.29593113607530813,0.04772380388411389,0.021187547640349386,0.4014929049579803,0.0350279759399413,0.02415077371235534,0.019337828031050407
5165.0,0.10819480110902205,0.3557230204187938,0.035983874424730326,0.02005579822084523,0.4268019494031081,0.04598106734724783,0.031078286440234536,0.016469679453374773
5166.0,0.08886215880152497,0.2793107757297976,0.05939295977994517,0.018701147739059752,0.4978812457041161,0.0337128388446841,0.029215950207816737,0.022151399791795236
5167.0,0.09148788215092407,0.3619609215546913,0.07035202224090996,0.01882486549491422,0.30425111486814593,0.030144302994139623,0.03430165525677111,0.018835893494960114
5168.0,0.10241077147694781,0.29704492292688667,0.03841362165302385,0.022181497818703082,0.4447661261009794,0.032765505467434966,0.03493643439293157,0.025487704049003867
5171.0,0.0943473663734547,0.3727491783372476,0.036299069175432574,0.019768073284910943,0.36353661986602803,0.04248683946217195,0.025282231379469736,0.01998469307743886
5172.0,0.09174308413287147,0.30594120276710424,0.06158575556518319,0.017832793011766872,0.4501325917240257,0.02349220626187021,0.036951814947981464,0.020536396228877436
,0.09400682382841807,0.3224937092609746,0.06181832742538636,0.01987921891774298,0.1910204440504996,0.04983828639827475,0.027662446633571976,0.02441695571362597
5174.0,0.09795985693273114,0.21737705836205662,0.08021035351454092,0.02134130143755649,0.2817075059070044,0.04397779832535853,0.034686894959853845,0.01768518575626945
5191.0,0.09344023955535682,0.42273125755266633,0.03863583400987522,0.015158009408401573,0.28496572911980445,0.06226620470096247,0.031157608253504006,0.02069723631900034
5192.0,0.08695141990259156,0.4134744164150387,0.044184492646016225,0.01492074334405811,0.2988281071936956,0.03894852697642901,0.029383186898484886,0.017363297095292315
5193.0,0.11009857867478723,0.29042140109737524,0.049447765233718924,0.01807276971300568,0.28666933984586573,0.042846539699468,0.027713932310422046,0.020609067207203152
5198.0,0.11407909163598226,0.25850999961524784,0.03614989984296929,0.027325058681030478,0.35610330877410074,0.04006455125083236,0.028694331237617804,0.01611778064568091
5199.0,0.10517750189021507,0.33539178012006765,0.05576403027473786,0.016392156364391047,0.2868406046703822,0.04417964055793601,0.027068498049299658,0.019737509440960956
5201.0,0.10770088794994365,0.3587959183636743,0.04132067438183931,0.020022645729969812,0.4188745336699215,0.032107066975984075,0.03961862048061917,0.017150299983903664
5211.0,0.09058935936033097,0.3631520199726203,0.05141012970526943,0.01923594404222041,0.2678678802428475,0.04457615926564324,0.026290641856906067,0.01836943579315006
5231.0,0.10182676946478875,0.3392648988993215,0.052152811485977335,0.02829767560263561,0.279746418798965,0.027067376128729302,0.02995993753744591,0.017410579923678424
,0.08929124166204043,0.3246483314718722,0.06340815132484309,0.01870823725022352,0.36378313325914186,0.032102453968846326,0.02843222072842888,0.016878594667389567
,0.1154256902947147,0.2682152293121487,0.07903894533988685,0.013787184679874498,0.3298483967425644,0.028355032988844148,0.03241837223491303,0.014059762454325513
,0.09886860189904799,0.31602127656673146,0.03791886749795741,0.02017225861820411,0.38577779341145174,0.034876803187829285,0.026313305570787753,0.01874832527591932
6110.0,0.1187066200109034,0.31699721397496805,0.041555515419319455,0.019015721047489526,0.31781276968657185,0.055874925747649615,0.023157695585154365,0.02119106366957601
6120.0,0.11487910427988063,0.30524915275545733,0.04207705333807506,0.021439123242561583,0.39622814744531987,0.0582442189920022,0.026821773211713234,0.018305266785459365
6121.0,0.12081401979679253,0.3980612610281059,0.036002591074318135,0.017972872092361997,0.2990249305226319,0.047716204907287105,0.02592251815025821,0.01591797574418983
6122.0,0.112390899032912,0.40035543865602696,0.05054258673907868,0.017617343362363105,0.2550785506344692,0.035436672603282184,0.021086329667413146,0.015462363937246022
6123.0,0.10426234308827739,0.2794838424337777,0.028426909142131578,0.02446032176435819,0.421842972553338,0.03851032773371841,0.039089251285681165,0.024886277314952306
6124.0,0.1009141506965708,0.31987293079712054,0.037575576939834474,0.021417393094185635,0.5305266542519316,0.026531716712822964,0.025190812324688457,0.022337633220293036
6125.0,0.10783744398434211,0.2553686779353756,0.038510363965792035,0.021371742992846315,0.4766577433122144,0.03560281127485991,0.037719194170964726,0.01748366851329559
6126.0,0.09581293646256812,0.42104515027361317,0.03305158276243561,0.02465729980238415,0.38917724742601323,0.03454465077279012,0.026272612208584425,0.01917585193758787
6127.0,0.15862987536407352,0.15902367931593772,0.042749893049432955,0.01343760778334504,0.4330275652199406,0.025379821656108553,0.03227470929684753,0.01862015064066008
6128.0,0.1967821175143805,0.056289028066846124,0.04781204587248337,0.035710422877887255,0.13178934514164162,0.05691076997053252,0.04708825323223564,0.03567455544896177
6130.0,0.1844912577249711,0.23445727805260058,0.034333545296946946,0.014428106569787737,0.30804596261900885,0.03826419651564568,0.017952941569009128,0.01601904537900967
6131.0,0.12889477712083108,0.16053394026672985,0.05093220692617809,0.017547332964486143,0.46812670800725015,0.03741215286172305,0.021772736227421905,0.0176027078990537
6132.0,0.09663810785793629,0.26874524453100646,0.047151972315508876,0.01737763643658183,0.5658502359164809,0.028660927059904667,0.03138177296700066,0.013251208732332919
6133.0,0.12093373020544723,0.2442614663760622,0.042260622612550425,0.017110817745381122,0.4596118237692368,0.0489093961524874,0.02930377740903561,0.01810540920091309
6134.0,0.09362428276860126,0.3755078909198624,0.03823882657385879,0.02115285682172487,0.3223373680250953,0.02798124819920687,0.027558023709861483,0.02662445136652596
6201.0,0.09446221299419474,0.3387540654649852,0.0371790123416274,0.02067942449044657,0.39802502038518517,0.02233793982151214,0.03783285260998009,0.01679761123654868
6210.0,0.1121777255814664,0.3030936237291251,0.06017698174221765,0.017262505777163168,0.2944072241232487,0.030975772098688032,0.022823213122994093,0.01553672583617846
6220.0,0.15974409087435706,0.2852557582853319,0.033046222071894185,0.020044943202563444,0.2806855834700078,0.04104419578757147,0.021380539438683257,0.01638744505861989
6221.0,0.13248397844736387,0.26321121082855714,0.042153564946997395,0.03054165627123416,0.30285131020784584,0.028185022376242846,0.028034341738544476,0.019840877164625598
6222.0,0.1269857105464662,0.31205536293057873,0.044972316626053534,0.022156807151055443,0.2671103291493667,0.04129584385475855,0.026223257166014296,0.02518029181500076
6223.0,0.14766739986922978,0.30968497719924604,0.03689025457118779,0.015055719621907465,0.33364844495558793,0.022965545863547595,0.02145516546649637,0.01708652053939995
6224.0,0.15221547848123532,0.22159507441589257,0.04124703543230078,0.02028525320209381,0.36624130405569433,0.03152120614703342,0.023706610749540183,0.012890315447117195
6225.0,0.1168301661139553,0.29789706004886823,0.05729263898791328,0.018758047914627093,0.2564126513663015,0.02635592712107453,0.02517090696442971,0.017369196285180424
6226.0,0.12262115590917343,0.2538833596535892,0.04333970061992612,0.014972252082455135,0.324738935496084,0.02900732408958245,0.030159094263841876,0.01526569566542602
6227.0,0.08074178918973585,0.2916788883057744,0.04422406658825933,0.026624266630502685,0.49371247135758745,0.03476991580753314,0.03627345192105486,0.02459069618560519
6228.0,0.12598727356502643,0.4449383211160645,0.04526308217784323,0.01913261226024298,0.2380073129629192,0.025804552370321164,0.026024784349266188,0.015553115172937067
6230.0,0.14589552582509158,0.1507386573472995,0.08659261536407722,0.038317888415729875,0.16822654772686285,0.033612416364176785,0.029416337560265175,0.03754665881872645
6231.0,0.13762147819427073,0.29786087588037846,0.047752381321337294,0.019717666687368574,0.2765347108302369,0.027776301739586732,0.024878427745218583,0.012391968203982731
6232.0,0.15339096696572369,0.047162272034660224,0.06636583549743731,0.03181619639916462,0.2644072983552182,0.021791235687649263,0.06402400247822937,0.050959657566289444
6233.0,0.1437392573612679,0.1589529277335651,0.028815237643618118,0.01837647255053255,0.47283644771392724,0.022104287367280276,0.060486163627451864,0.027488381054258174
6234.0,0.09306894250995099,0.2734763890789335,0.053851068111697084,0.019229401833217377,0.2658133537819353,0.048670911166676545,0.025502055926995268,0.023876551645509444
6301.0,0.09558162602311313,0.20729678846653357,0.050613739988218116,0.0224385654706236,0.38770123808618634,0.05134968164083306,0.03148745174763057,0.016774383518710977
6310.0,0.1305446792934748,0.2998517210482161,0.05139689463709417,0.024832492219883547,0.21677807195834178,0.06123138251445321,0.01875190804895288,0.01476035283400799
6311.0,0.13027807853831574,0.1663533005765184,0.033580566646966375,0.020279769807002503,0.5807830928919279,0.024580577263373215,0.024548636792404065,0.04626273212714957
6312.0,0.08526518040938516,0.3123947270004529,0.0608904144305151,0.02342220775767207,0.4660573188760513,0.027265955724796547,0.025668251009110327,0.016529534366535533
6313.0,0.09402877067950137,0.22565128352341898,0.055850818697539426,0.01542817210300451,0.596224571579618,0.028503556633180997,0.030992336476430866,0.021115483364164446
6314.0,0.08600434778164531,0.24644236915999274,0.05008030063440217,0.012734916767439259,0.613517179933277,0.04154709364295415,0.022012538068452242,0.020436106343816544
6320.0,0.09422660006616759,0.2818761949371618,0.055778303217656436,0.018334211683621492,0.47409948902850574,0.038389170591059736,0.023667265947967014,0.023252246790142275
6321.0,0.09095937027557785,0.21798250231133304,0.03482336468265894,0.02004482965173542,0.6186978132312475,0.028805175802455698,0.02540303396616391,0.027276524056420327
6322.0,0.0952308207869777,0.2268506046031988,0.054760254711890256,0.015024639983046687,0.45626311222582455,0.04053565306753222,0.025840989923782347,0.017804621933817936
6323.0,0.17967667211397198,0.27132909139578676,0.03562516795634087,0.017050149861609642,0.3628548534030888,0.023549251935505673,0.019100469670016457,0.014516383444944141
6324.0,0.11871106810118985,0.21841499979690174,0.03499948411599237,0.01630250150596142,0.2882644701376596,0.0667562729816136,0.03064106400887813,0.020575219631870072
6325.0,0.10418927996679561,0.2951229714303646,0.036085524481589644,0.02045038911376213,0.44147859976738374,0.03251293764431173,0.022262270088838552,0.030005483266263684
6326.0,0.11647148656632725,0.31564241155562217,0.04836637276492003,0.026000321103428217,0.3550522921053778,0.039865605667510635,0.019744769677759327,0.017687722392713438
6410.0,0.13472011021181945,0.24330432527231932,0.07339144805420211,0.016726873011292612,0.39527272920430356,0.02704110407406252,0.01965695862622887,0.02248993625638577
6420.0,0.0778968541580642,0.29621234977558064,0.04732179435118999,0.02547909978157042,0.5163030215112543,0.02764001624822605,0.030112938427772712,0.02143510477351735
6430.0,0.1099839963364862,0.27797360311256464,0.03656688917037155,0.026086200640584405,0.47723177201068057,0.023067327310831227,0.02783045470136643,0.020646978609079436
7101.0,0.13437879434292418,0.22872243167363612,0.06171750675762547,0.019239836647370993,0.41505130169145227,0.025343966094604042,0.024326596118198388,0.01679944396740873
7102.0,0.09461410721124361,0.29916792950124094,0.04859759413365557,0.028603896500789455,0.6155053810384089,0.01810223234184589,0.026179065043839305,0.016401541704223133
,0.09289474327615267,0.18822890400316447,0.03600085483409674,0.01720567610093241,0.46208920682776655,0.05579996182432254,0.02319397039715444,0.06398379414372372
7112.0,0.20316618052330063,0.19537231787707499,0.039494291871569435,0.02608895768358448,0.31814648190985945,0.027439513334095552,0.029360844878775303,0.019954237036230022
7113.0,0.11119269637871908,0.2609015925482134,0.05812120709710592,0.033188175197129695,0.28128884950598804,0.033551790371121056,0.03418871293616899,0.018118474871553474
7114.0,0.10409228865822301,0.19454603150242214,0.04463768626386795,0.019408510725132447,0.3934995661225732,0.04023806745969923,0.025533436056685597,0.028948596846928923
7121.0,0.12823026835638443,0.22915901483704354,0.06853747307507169,0.039953220785757575,0.27032283904566473,0.025611437491134457,0.029743702557338672,0.015782653984301433
7122.0,0.08386101482888152,0.24565498640793348,0.056512201582010785,0.02647927626593562,0.3316819882688161,0.02854228580466033,0.03245604128151561,0.01829704658530419
7151.0,0.10415682953803754,0.2756102066112461,0.037645221529849685,0.028520115521550544,0.47099662496812517,0.0455618593057131,0.03344152117836481,0.017887178410238375
,0.1327248878612495,0.3556619667366981,0.03990402231534719,0.018493054703413135,0.3805214328753481,0.024070432229851096,0.027799233746623412,0.018389444541687977
7153.0,0.15895514960914098,0.17192494391478247,0.02931538114157538,0.020685263402310507,0.34913450483612857,0.028458483601732313,0.0254333165477734,0.024183477708603327
7154.0,0.13831957398067649,0.166148378783319,0.04234187150667091,0.012295907039775308,0.37944874695412834,0.042219305481993034,0.020651763204107138,0.022873761271896376
7155.0,0.15056218850608336,0.10873484983781732,0.0752254012064328,0.04245094058988063,0.23690113617139846,0.030012231739214426,0.02766292789813162,0.029423113725327903
7156.0,0.09676136529477454,0.19252897605275848,0.05415852739687377,0.023304302200898564,0.5332704980857126,0.01962016029398181,0.0443217147469367,0.026905065613621496
7157.0,0.13147587802104835,0.26022003054723125,0.052808340087488345,0.025456585812477124,0.28602316594890537,0.03403943829005098,0.022695736123033335,0.020571254538971108
7161.0,0.11511971420186334,0.2599754607974523,0.05497528308474168,0.011200465836704284,0.32481915811677736,0.03126067208213014,0.01846492954466216,0.04893697555528918
7162.0,0.09320301752754413,0.22016519339766902,0.044424288739844865,0.016420649617547065,0.4847211663055886,0.041306269607611155,0.022953800185644604,0.028083068393228168
7163.0,0.09774527046636013,0.19864850542824433,0.04127229702848422,0.01922726888901048,0.5396526036421436,0.04134254749157205,0.0327572650188854,0.029581405690648425
7164.0,0.11183524172442713,0.2536613566484693,0.05060175178248001,0.02562385828106529,0.3245636815393086,0.03431074427780974,0.021839745920051785,0.028856027330776236
7165.0,0.10275462852086673,0.22522907548158244,0.03504965685333934,0.015591483997416758,0.48084502019757275,0.03440795620420861,0.02534592505458058,0.027622484027765636
7166.0,0.10472830578990545,0.21310502375720128,0.03841697829361439,0.014588824642864451,0.4147607058050109,0.033797618545275784,0.025000177564204307,0.03536170428008883
7170.0,0.10168783585564793,0.1900888730679118,0.03326530189808468,0.015911119683296875,0.47538334199691884,0.03856479885034892,0.02398984303576743,0.09117827565945243
7201.0,0.08320428447142582,0.31839838539828896,0.046580714846816154,0.012995368566227558,0.43591532256670257,0.028689996777501572,0.027300847228038994,0.030898731291659966
7202.0,0.09221516886795256,0.19971617460916896,0.0872490264335302,0.022688960636620733,0.30829406572908175,0.03838150970346619,0.03279583400298551,0.019498137272891264
7211.0,0.09935022698731003,0.19220089548201078,0.03238287860123453,0.020831092898386586,0.41143463584875867,0.04582717564130588,0.02566785385113841,0.03593608820216315
7212.0,0.12442203759248269,0.18931620978303793,0.043144339668760676,0.020280340887917102,0.42934174666519687,0.030058556410276584,0.03869491296663674,0.01632642137820079
7213.0,0.0963671505211689,0.2619410021814543,0.04228541978681779,0.02082526250310326,0.4653501508167095,0.022401158686634306,0.04191619953218697,0.03777167474443749
7214.0,0.1024723305493003,0.19396878908255064,0.0440683671852237,0.014257866778049596,0.5002914060465615,0.028520699366531753,0.04823836347480118,0.015425028416915685
7221.0,0.1104517042544943,0.23116386203815284,0.03371795591133503,0.020961507933824886,0.4834293328813127,0.03801046151632992,0.037643961561677056,0.02501808980749694
7222.0,0.10900405298833366,0.19366313634043714,0.04425868502919643,0.024752229557670834,0.5173961091020948,0.026294848258135512,0.03639603472101009,0.02556243697024442
7223.0,0.0950943644471046,0.16505786813018244,0.04642363005074254,0.0175503702779507,0.7267018853012259,0.023869639387148645,0.028035109349931895,0.02686929479222003
7224.0,0.10365846506460753,0.2807841453256678,0.03857418343189544,0.016265056617888806,0.39113398471009336,0.0300944089965715,0.022046948877065715,0.033661960477885486
7231.0,0.10540294432178078,0.21572703244874558,0.04933574555049692,0.020270134666157843,0.5107853373029922,0.03781036629381531,0.041283294231721564,0.01842568974948153
7232.0,0.10585644425240491,0.2550206255747706,0.039680126021914904,0.014149475274392968,0.4662741185299157,0.028631155959180477,0.023675627456786003,0.030472240155519806
7233.0,0.10536575540513807,0.17622813835015586,0.048577749517989995,0.019692608536906568,0.5494983628088445,0.03954517392703487,0.026920142171452204,0.02619073410370155
7241.0,0.0988308851810045,0.23965805835019288,0.05625423674837449,0.02147069329093358,0.46355850029293794,0.03713084473381471,0.022480472260632673,0.01807723991814941
7242.0,0.10042102920309252,0.2950892102255167,0.060835873484402496,0.01699076087224765,0.38068348672174196,0.038756785526534325,0.030602119199978454,0.018265022926313847
7243.0,0.12555324713984642,0.22691515826156589,0.04029663346879467,0.017112191875085704,0.2973485829561075,0.06052308763578166,0.023169385225547297,0.020606775170256046
7244.0,0.08594151734739694,0.22071235472878462,0.048844165871481375,0.017569975574293722,0.4875503966545691,0.04078959188344278,0.023934228204696147,0.020085595579323195
7245.0,0.09187957418141358,0.2757046685786642,0.04685641895508283,0.022002752316053604,0.3948263601125815,0.04544063713369437,0.025495228166456343,0.021807550240689165
7246.0,0.10507253837031512,0.3082516509268795,0.06920287418767618,0.01863701098564267,0.26275740777108686,0.036773042993004504,0.02987163564590224,0.023727426618816667
7250.0,0.10737439084313002,0.2848522685168929,0.048246327282343515,0.01976245676331357,0.38739065478030943,0.047670502753832805,0.020317435052847586,0.015295872116628587
7251.0,0.09190059740140784,0.32591666925286195,0.04220032230378162,0.015072214477875547,0.521572088634695,0.03883289707408445,0.024006106761018317,0.019726656066624045
7252.0,0.11107424662098532,0.24631061485384353,0.07249037735831992,0.01477165005433343,0.5279635994924722,0.021824533317481902,0.021511336192647442,0.017411845121319526
7253.0,0.09815730871900077,0.23833454982052307,0.07961329476212911,0.02065118780124603,0.3735515852911277,0.03230920248428474,0.022726299458029148,0.01373921321064427
7254.0,0.08926950226015398,0.3001419052519135,0.03746839558028116,0.019287340404825645,0.5359041583513784,0.03934644982726637,0.02970715346494736,0.024028396851410786
7255.0,0.12681139071137115,0.2583183062197145,0.05312361448690221,0.02066483391320442,0.283848367625162,0.03371841588178145,0.027365838053589372,0.019993905715093633
7256.0,0.08321660368329166,0.3373987914349966,0.05374577243913126,0.02350459854532192,0.26874432424767064,0.035888308610798426,0.031557775674273106,0.02159040063310826
7257.0,0.08838580587056734,0.19957174627378232,0.04936338341960862,0.020139425351924225,0.5143805795583108,0.041375494027263024,0.023627441387780817,0.027232092477065553
7301.0,0.0935672150583146,0.2801239406669225,0.03507912501727558,0.026730539650675105,0.2936266704873729,0.05171469212876657,0.034161132768732325,0.026462892767969915
7311.0,0.08737573032591942,0.24077788588999646,0.04253454602970858,0.02059524815696124,0.56011510121856,0.03643105947738636,0.0263685177271267,0.029900261140813664
7312.0,0.08735594782977277,0.254023914660239,0.06128084249066028,0.016194728029338367,0.4226173435907581,0.03939989014659822,0.023497246415861105,0.022682427087732004
7313.0,0.12337667709884291,0.17912691807731318,0.04204135932038128,0.01630921460162047,0.35966103296086527,0.05236481833306366,0.02396632875169443,0.019664269981565004
7321.0,0.12495255034319412,0.15576838722323552,0.053739975617962,0.01490073122574182,0.46247691016824954,0.04769392726763988,0.021881025903497924,0.016306969881735488
7401.0,0.09707407265311215,0.24004738181725735,0.04891206495796568,0.019216137704883215,0.5022604569098285,0.04368583045772647,0.020999687940674017,0.02003690155865317
7411.0,0.1207281826841376,0.21023392354570977,0.049443332136790225,0.01578807531957,0.3593231529024937,0.037129726420691754,0.02417046658003883,0.022363166153178838
7421.0,0.09497984386539857,0.35479557229790426,0.049732042960221184,0.015443296851451845,0.29268568981917487,0.028812790435146358,0.03304060716573167,0.03033795303936361
7501.0,0.08912987458689789,0.354729339617213,0.06031571212534714,0.024418002214826238,0.30411249286415803,0.03966998766078279,0.03003889004924427,0.024600833525315852
7502.0,0.08946536222679531,0.29396989113420036,0.07858934131148612,0.022475995295439387,0.35752193913559166,0.02863669230942839,0.02623512759346777,0.02414081142552622
7510.0,0.10589295455370215,0.26453528204285537,0.0388961568409754,0.023251778475608637,0.3722520834935873,0.04121135417319334,0.03696915158234869,0.021446140100667317
7511.0,0.117043503560488,0.3010000116197974,0.05970449668810936,0.01741738566078567,0.25847715464095855,0.04508613189804646,0.024736924663011944,0.017977186046945242
7521.0,0.10547251740795022,0.19280721160778294,0.03976408729264874,0.012473092954010754,0.38912438784746434,0.03717140340187194,0.026025791153241846,0.04713991323037632
7522.0,0.11981921708034798,0.18673361977342026,0.04304167546637766,0.017629472275729977,0.6232651916629581,0.024322136703753473,0.018727253706523332,0.019904407882576698
7523.0,0.08938015481603633,0.23998939445790854,0.07118286048787255,0.017531577124657097,0.4866699475546247,0.024981328593853925,0.02440718009119742,0.03216561321141449
7524.0,0.09349175086728498,0.32515915673624585,0.04889618268046523,0.01920611686947026,0.4128581390920857,0.022364480475386594,0.03178435300979169,0.019504766528578268
7601.0,0.11092878154989293,0.18493303311025444,0.06281941913726097,0.011729820123330723,0.5305911426760876,0.05536229273612362,0.019545625197618356,0.019517108710906998
7602.0,0.09666521477570572,0.18453281347752845,0.04306281958419707,0.020019715930384492,0.5626874287604133,0.04163659951038569,0.020047297094895836,0.029757613560426145
7603.0,0.09537621082036313,0.28222608425259565,0.0502954843488307,0.023092747493560314,0.5098674033863108,0.021876995891174936,0.02525190917893687,0.026409116620249157
7604.0,0.09944789751325443,0.31332056420236826,0.051654755447944026,0.02702805231700118,0.4058537948288344,0.03155878983969761,0.03287148607506123,0.029681674487291896
7605.0,0.08371896622861535,0.20212628650700074,0.06040562253248011,0.022368529489051645,0.5959457518543442,0.03240054277659402,0.026222628421613305,0.02257033222400353
7606.0,0.0885300414967315,0.3364054998091083,0.04811472900392229,0.014265754551990013,0.4289675860022555,0.03417128360239826,0.022009935557911465,0.023113162168694225
7610.0,0.10542300277527186,0.24313315280573766,0.04306485298147081,0.012820379693872666,0.4664593953517657,0.04188329909490926,0.02034803527174034,0.024022180952433914
7611.0,0.10016749683913581,0.20171750287990722,0.03729209316011482,0.015802889243280407,0.5439683993733201,0.050911331958674345,0.024220209412712076,0.03577179024788846
7612.0,0.12247057406266862,0.15338452540732003,0.060430793284457315,0.012097756658830408,0.3837566334891834,0.050777559276399875,0.023074456093128973,0.01832352548784638
,0.10090607904760612,0.2170819174664957,0.0397209722302573,0.020448259814250063,0.4918312089043288,0.027027491679979136,0.030202786667009568,0.027168485653407903
7614.0,0.10973414044739453,0.23491034294545127,0.047492763178274146,0.014100737843347253,0.39183841227470856,0.04326978611028929,0.024926708455134002,0.017207534859754858
7618.0,0.12693649247973687,0.21261114219264055,0.05223635718284074,0.018922104054258444,0.24046097667293898,0.05293441513467439,0.025271695014805834,0.015726023519097167
7620.0,0.17951051479113564,0.1862860016964131,0.04111027132271555,0.013690829289790657,0.4580295321484797,0.03539354768853238,0.01767049621862643,0.015317447803735168
7621.0,0.15105149517543437,0.18947169929215518,0.040218945213003426,0.013726997406557433,0.4305905325299741,0.027889424637555112,0.017503301348849868,0.029510470517743886
7622.0,0.12993049998118336,0.22567868917563316,0.041208295085960606,0.016961413648760488,0.2620402119634792,0.029790126986643406,0.0304416604250224,0.02191084250579542
7623.0,0.13984755144900696,0.28981122064770154,0.03708282123579479,0.016151909710445708,0.20551355236892907,0.04490054533177246,0.03070619540253817,0.017057854447174205
7630.0,0.09508419670229627,0.27928329598099644,0.07554422707201448,0.024128834030544413,0.200898262185247,0.03711036753011405,0.03291433798560826,0.016929678512391983
7631.0,0.16195409705916233,0.1944796296332159,0.03850153960138786,0.012190991121129539,0.30513844761468256,0.03518842606069585,0.021151595388092567,0.01900219726956221
7632.0,0.10684941903211241,0.1816156483181241,0.08468217891677977,0.023774339494109467,0.329881578067223,0.0206906944996727,0.055180049468387206,0.012814411077758924
7633.0,0.13124426859963703,0.3463496879070172,0.04676846509977125,0.015436007262864761,0.2847345954020528,0.026595308921293474,0.02931336892829989,0.023088750409946207
7640.0,0.14324559162086947,0.19442100907997134,0.046400263205952516,0.016259296968165655,0.3040181545697016,0.04545600045806041,0.024205555538212138,0.018164373037579937
7641.0,0.11975368065345209,0.25857104438447637,0.06197721214463282,0.019653059831760803,0.2829481939290794,0.01943221596473268,0.03926959458834964,0.01804816152827466
7642.0,0.08409799847230287,0.21707852619894874,0.05723753639409488,0.020036421954183443,0.5530691120143595,0.024611120774228463,0.03583966950089839,0.022458338614834455
7643.0,0.09841488518494665,0.17649602088524155,0.06091197827199327,0.017884242275378628,0.603129266458496,0.02961405459727245,0.03385696688238865,0.015831900922722856
7650.0,0.12926998273453835,0.16768208176601046,0.04769071346038831,0.013429782226711947,0.49829328789153016,0.03331252338004055,0.026874228396773246,0.025401415172471766
7651.0,0.1207861658403527,0.060412986769752354,0.08837101895651785,0.05510210009574836,0.2349054754435595,0.019263551568357278,0.06332417338284156,0.04925093206732778
7652.0,0.10742198321379505,0.20717279031668695,0.07043993542322659,0.019111945323795947,0.4819168377377791,0.030676188263425504,0.028210228082390657,0.018747129785516604
7653.0,0.12739641556261666,0.16379648064243005,0.036739459248043144,0.013459919678658304,0.596493952628176,0.022734851370790107,0.024789768443320304,0.031427530743551556
7654.0,0.08439064246048632,0.26078722210353644,0.07797511503921231,0.02176655238348948,0.3967885903567036,0.022502919463052013,0.02524487372809127,0.05164451973424877
7661.0,0.1519630573283661,0.11978350225446188,0.04927059948751853,0.01004521113723751,0.5645821075328148,0.029083688236795073,0.021224131199369656,0.028985687819543422
7662.0,0.1098824357461656,0.20377771223736726,0.06466545929083177,0.017461774130235065,0.5177200111703313,0.02288095193944676,0.025043920810291102,0.01818709087361755
7663.0,0.10049482739334376,0.3061969134536032,0.031566997716721654,0.016259365319138283,0.43576475914443347,0.031470494749199836,0.02565105650630253,0.03503585731583701
7664.0,0.09254719613598968,0.18386535697966883,0.05142077266494762,0.02566045335129316,0.5830491699877457,0.02209326662648918,0.03487133468988377,0.025452786132840646
7681.0,0.11148764438030198,0.21155547791828908,0.06553179127729816,0.010981685273375287,0.46899153312837794,0.031829305366886336,0.02098337346790492,0.01750339041647372
7682.0,0.08535369754283852,0.15357844573413104,0.04198930516550708,0.014128655425252483,0.6799822503629256,0.04092031080214061,0.022652646330149854,0.05810875602790823
7683.0,0.0845999642357986,0.23924090243133997,0.04635914462554847,0.016487559002976555,0.5562369634788317,0.03563716758955427,0.02171680430170169,0.03327464012698528
7686.0,0.10221312009606738,0.16230181202247795,0.04585348301926216,0.01431018328489197,0.5286132495575828,0.045873090710208245,0.02074447880138992,0.026566479268648066
7687.0,0.1308829387919397,0.12239195625437525,0.04675526584549965,0.014406390341474257,0.6069559011896312,0.037073741552025835,0.021880757470573126,0.02268568653994973
,0.09403986345005245,0.21433734331521218,0.05484573126453327,0.01413143088513526,0.3773788928063618,0.04733177962896766,0.022324870455774613,0.03750793525970582
7711.0,0.13052381027952098,0.15762513963236605,0.1014313440235711,0.0202205169619575,0.5098000615790453,0.015227481277041153,0.03877634299554036,0.013246883299447574
7721.0,0.10358430964853828,0.13111142559356012,0.038441147713509385,0.01633952721738705,0.6360441220020057,0.018571773819118086,0.03297235048373198,0.05190448595110078
7731.0,0.08596154761065143,0.17360362066666307,0.061536448661602676,0.01241814783882403,0.6120891348075397,0.039407489996921195,0.019948317704239715,0.03216531922747603
7732.0,0.10415538635833012,0.20923167216907923,0.07547399538939385,0.023679859250086917,0.503620484659256,0.025852940811751723,0.02394109387033,0.010604575972024242
7733.0,0.09612948038634629,0.1632518279448138,0.051491666096955026,0.012309119059126716,0.6253711735943872,0.03332717057344589,0.02202457755988901,0.026582305771613888
7734.0,0.0967071965837695,0.14603940444337155,0.08458438156955975,0.013766434451530772,0.5384012291782267,0.058220146106018764,0.021085477209933666,0.017363488851050685
7735.0,0.10136867728074325,0.19774964907080347,0.040158780465001945,0.01700033438151471,0.7175118090844392,0.029704909036544595,0.01974816860836896,0.02413646252545675
7741.0,0.09863952150315061,0.16295962080201337,0.028230731474125293,0.01588593998799162,0.7295696982698482,0.0395831086628234,0.01915335202770911,0.04451443271147665
7751.0,0.09823208865938692,0.20429686110184683,0.04716823429669421,0.01580646682341421,0.6051030223408591,0.029795365684862282,0.02176405108007268,0.02272102485812924
7764.0,0.10153997570222116,0.1877348630434034,0.03905039427355538,0.014527120144973267,0.6538814424003314,0.05185033564662304,0.026703829108967597,0.024036930368558126
7771.0,0.1531666254437202,0.10190541594893611,0.039539735159876827,0.01701526121558279,0.6265648765227896,0.026492882350326027,0.02182498136587733,0.025798553763822046
7772.0,0.1423339494391467,0.09547864917817836,0.05529270382698505,0.011298193541527257,0.5320297191993612,0.043050792803209795,0.02145645287691132,0.021931022297884312
7801.0,0.13136916160684287,0.09628177766153083,0.0559598641288924,0.012189248962227303,0.6054093396951722,0.046677251730310794,0.018967719217106258,0.02684495672270675
7811.0,0.08228491485331146,0.18423474107900295,0.10018526387955587,0.01843083575896282,0.5746838054142941,0.023746969903759536,0.035149926045713556,0.013597376557680407
7813.0,0.08970387042212198,0.22200980791336336,0.07255125038956764,0.025892059968554842,0.3498002303321218,0.03935038899322954,0.03917692964119404,0.013503774771075554
7817.0,0.09508069639828509,0.20876166134135446,0.05331435007441012,0.018025063538711708,0.5768464960148723,0.02636596040357023,0.02519564215420878,0.017189512135531382
7821.0,0.08952002427179089,0.35565471687425576,0.0494792740114395,0.01655959365018074,0.313539648382152,0.028993436063948448,0.030819186140632893,0.02323790882130005
7822.0,0.08037187038077664,0.14198097894258424,0.04953624867201944,0.016343851829130708,0.7010964957814667,0.03916304084661914,0.03034175897279545,0.025932209889751954
7823.0,0.1155612686236524,0.13904713598264354,0.05613071678373403,0.012299299424566996,0.5482244619303608,0.05118024208781548,0.01829086649440281,0.029868313692063563
7824.0,0.0858721827083294,0.18765905304251856,0.06316328549282804,0.01425928664441183,0.49457236854773895,0.05293566651341333,0.02200291261290865,0.03186880038550751
7825.0,0.08613614571971148,0.1866727205398031,0.04042994025864814,0.012151678972199114,0.642848285809946,0.03243362734017239,0.01984668734184173,0.07122015732264683
7826.0,0.08553922848769811,0.170005020480804,0.0538219340073541,0.01608535231052069,0.6595565342567893,0.04786889395716672,0.024887274525014883,0.02521706929948726
7827.0,0.08798387462070606,0.15022907441253375,0.051108259360309875,0.01756569049191909,0.6864136741434981,0.03372151668536422,0.027973313056632445,0.018484067465621142
7828.0,0.08202939309905721,0.2709381284345763,0.035862818465281755,0.02089357378348894,0.4357903395592293,0.05281054889648992,0.027849377622584538,0.02437522566669826
7831.0,0.08250566614802207,0.2829403188852254,0.0431863113500673,0.019815545595903285,0.47539373099232746,0.04244154850383444,0.029660355889590345,0.024415944517561135
7832.0,0.08046711058721959,0.22389656893999513,0.043357099734323064,0.016120152703810935,0.4951032452716164,0.05507896889703902,0.027910205479461794,0.06596894226795985
7841.0,0.08360051028499099,0.2462617420939875,0.04774612623280023,0.017377354127278602,0.45689121595449966,0.04851871505912632,0.03119952009364162,0.031021303247450602
7842.0,0.08692917034729294,0.17820325855364905,0.058357044740296904,0.015279701278667799,0.534381002685419,0.05904354631303216,0.02366685235336739,0.01723676095520601
,0.0790638676186408,0.18260890027954932,0.041503067041878734,0.019167264746895046,0.4435189241431581,0.035104520126171726,0.038643171127740426,0.07547270509769101
8101.0,0.08731595926337202,0.2087607191412629,0.06228180222241602,0.015365250673652091,0.5683150178169987,0.04316492280870486,0.025419767503988274,0.016643675125250165
8102.0,0.08588800534275023,0.23834458873050884,0.03342944172448607,0.01625289022904964,0.5458694839558383,0.04938236324227331,0.025224747223084647,0.026684109645052946
8103.0,0.09668467602900924,0.1405383783768727,0.05039779635421183,0.022077235556866415,0.5515475564991141,0.030827812648633615,0.04887843747718222,0.01733731633000744
8110.0,0.14951697247221524,0.16483861071399064,0.059090311373365144,0.0215883251587096,0.48457090731461244,0.022911625192837192,0.021041492562719304,0.01505419020937932
8111.0,0.17053948168438057,0.14620694672918938,0.05239948813446498,0.016279196492015938,0.4461048765940718,0.04395207400802843,0.02426325080104617,0.012603765096836465
8112.0,0.13689756734104777,0.14490080586355364,0.05451270082697394,0.014461615122808337,0.5655165994980685,0.02637626122457946,0.016358742593401275,0.022484894907766055
8113.0,0.11924054003063993,0.19555593835092747,0.04130548507113209,0.01667011628936516,0.40386288646157004,0.04516098703950331,0.023223689662089188,0.017457445173935025
8114.0,0.0896349325647012,0.2194093745637271,0.08165984850338515,0.01100312140202511,0.46383525982647295,0.0408282398678466,0.02083378692743173,0.04264820655380678
8115.0,0.09642689800793804,0.16533298659956938,0.03559937775399698,0.02047774976100371,0.6086431332170422,0.05608552169511894,0.022758172503796283,0.016840194126183837
8116.0,0.15047452580232404,0.17870790565020364,0.055340786844115177,0.016592203611914394,0.39182082293059833,0.03566048465935367,0.019117194389306008,0.018477158697892997
8117.0,0.10038967875429565,0.14262762388298833,0.051913341278189966,0.018768063208182653,0.4775224021092186,0.017940696686152703,0.08572509819727593,0.019194294470721747
8118.0,0.11032507565286043,0.21157771714068788,0.03958994659109805,0.01927008958969649,0.2989649915940311,0.0350559126812895,0.04963780623591927,0.01663902182234828
8121.0,0.12023443154143827,0.16211799777992683,0.04225766208550328,0.02351968462824571,0.34409667494926005,0.05181867287148589,0.03214330383511223,0.0116037574649144
8131.0,0.1469277214583781,0.14600512675355642,0.0459697583578133,0.015977360103761048,0.3399774149889309,0.048136110166639205,0.022031784025999594,0.020222091042959318
8181.0,0.09766662882025971,0.2068618889954356,0.05221387148244398,0.0273820854379428,0.3838377475791112,0.03149880368994597,0.04092825792800839,0.026359658217422213
8201.0,0.10305629060541163,0.15974621852282642,0.05919970837166743,0.020183484624768096,0.3312135911586343,0.02729070987570379,0.03726822394467204,0.0253212146100592
8202.0,0.126800787472972,0.12963307776101965,0.03639207357955169,0.024180621305365732,0.4480378936800007,0.037769300762394424,0.028756391579515657,0.019859279032718734
,0.12945650982396462,0.21062282612251443,0.0506472724864439,0.027895672783750183,0.2309741527238229,0.034150992377694846,0.028209632592006418,0.014484845325777658
8212.0,0.15191343403739618,0.20522019075543532,0.03329620092581963,0.022761868839908293,0.29666237972635634,0.03159640535305369,0.025834271468070914,0.019159807197715803
8213.0,0.1456992310646661,0.18658929722942638,0.05103265778053638,0.01592837736281898,0.3714834038515464,0.024368320868340333,0.02968182527387374,0.01661682467562293
8214.0,0.11360693204057534,0.18365905237788202,0.04756328675471979,0.022672909716328817,0.3191165097106505,0.04589845093656311,0.02740663229847499,0.01698077542447961
8221.0,0.11689116724970228,0.20380950047726973,0.04130208355775631,0.03321866665974286,0.34630405685059834,0.029694840964138214,0.028494173932107077,0.02227335166403244
8231.0,0.08248097654319685,0.2430015131441809,0.04881930275212976,0.014596100555408643,0.42378084416636236,0.03557296505652449,0.02341519478226298,0.04095905417879236
8232.0,0.10110603468607432,0.2768051443826433,0.05868275101951371,0.025725697268829863,0.34998041741625757,0.03170681815132226,0.026622220970325617,0.0222348244341316
8233.0,0.084674086906287,0.2298971399902481,0.09794821565099487,0.036222090888936916,0.3750372429207552,0.01871515313771906,0.04239256848663356,0.0165547347767832
8281.0,0.11234312556667288,0.25775718523391294,0.04582793122214762,0.0182356693788437,0.40150755985924563,0.03562444827874469,0.02052854357125576,0.015777301042797294
8301.0,0.08277108782583963,0.32895519410813706,0.05935564293019572,0.020319966972988674,0.3899780806452843,0.028251066982873496,0.025293518661773387,0.0181121268868983
8311.0,0.08736609246430001,0.2452433734548075,0.03509567094232798,0.019510931165276222,0.49424604647480197,0.05083024880019958,0.029047463219609604,0.02173727069345374
8321.0,0.13809350319798117,0.12807410826717863,0.03972852093364203,0.01617710888299855,0.5331078716828955,0.02280490545121263,0.024828809404276432,0.025976327605218136
8331.0,0.13680516006790108,0.15294960342727365,0.027198939702734123,0.024804149864586376,0.4619293519503607,0.028006055320756115,0.03792128204766788,0.022621436220469762
8332.0,0.11342467045545393,0.14567302643967528,0.02616387076277761,0.024667845719439623,0.4879960322820605,0.020592914426730762,0.06241041507137991,0.03131590609892978
,0.12900899073849273,0.16058480141641476,0.04776835329239016,0.019336355282362556,0.4445424301070033,0.03827915850162309,0.022613363831354146,0.024133786937626665
8411.0,0.15200125253659053,0.20076009502697933,0.054620577387078054,0.028923346264418278,0.18818327461143605,0.02120439274958149,0.033851218940520275,0.018749169653183184
8412.0,0.1498071963291659,0.2468080463150423,0.05341554931270714,0.029206049608575577,0.32201028531399095,0.03319431693617685,0.01771550448530111,0.014873831344349888
8413.0,0.09927370507979744,0.30093119216871717,0.05243537002853075,0.01714302103427613,0.38454411847801934,0.03542977088228072,0.019966826787112993,0.015272636199645822
8414.0,0.09561687770390125,0.27630416378771055,0.032176810590485876,0.0274933405823302,0.3649833761136144,0.05430764793822934,0.0275194412182667,0.01754112862014035
8415.0,0.08661372683450715,0.3131767776278974,0.046011973092519816,0.02525677803122323,0.3706096071068966,0.03342989706428526,0.030453320870027792,0.017830141465576314
8416.0,0.10905239874859995,0.21016559981202443,0.05515821834219532,0.02015090369425698,0.4291215237951894,0.03583778260290308,0.02113484847511063,0.01787882973584551
8417.0,0.11512126879048461,0.24141878238985015,0.04026447923952113,0.02139592194660292,0.41874415950601257,0.054293123271727764,0.02055318029569538,0.018004313444024107
8418.0,0.13743792016573475,0.24826696228063655,0.0368358498979863,0.01647985327651251,0.3801074590246078,0.03684903498304725,0.024904092151286066,0.014508610495149477
8421.0,0.09686811706316502,0.29745379168012565,0.05609322991802066,0.018080361456409785,0.3058785450799677,0.03863509097627976,0.020915335184948418,0.016517854871430343
8422.0,0.09352433893059117,0.2673218221596558,0.047536345663660336,0.019791382742348332,0.5079415590897278,0.03854662896420686,0.0249979445462774,0.01303315156311464
8481.0,,,,,,,,
8482.0,,,,,,,,
8483.0,,,,,,,,
8484.0,,,,,,,,
8485.0,,,,,,,,
8486.0,,,,,,,,
8601.0,,,,,,,,
8611.0,,,,,,,,
8612.0,,,,,,,,
8621.0,,,,,,,,
8622.0,,,,,,,,
8623.0,,,,,,,,
8624.0,,,,,,,,
8625.0,,,,,,,,
9101.0,,,,,,,,
9102.0,,,,,,,,
9109.0,,,,,,,,
9111.0,,,,,,,,
9112.0,,,,,,,,
9113.0,,,,,,,,
9131.0,,,,,,,,
9141.0,,,,,,,,
9142.0,,,,,,,,
9143.0,,,,,,,,
9144.0,,,,,,,,
9151.0,,,,,,,,
9152.0,,,,,,,,
9153.0,,,,,,,,
9154.0,,,,,,,,
9191.0,,,,,,,,
9192.0,,,,,,,,
9193.0,,,,,,,,
9501.0,,,,,,,,
9502.0,,,,,,,,
9503.0,,,,,,,,
9511.0,,,,,,,,
9513.0,,,,,,,,
9531.0,,,,,,,,
9541.0,,,,,,,,
9542.0,,,,,,,,
9543.0,,,,,,,,
9911.0,,,,,,,,
9912.0,,,,,,,,
9913.0,,,,,,,,
9921.0,,,,,,,,
9922.0,,,,,,,,
